year,country_code,country_name_es,country_name_en,category_code,disability_level,sex,age_group,category_desc_en,pct_internet_use,quality_flag,is_reliable
2024,DE,Alemania,Germany,F_DIS_LTD,Limited (not severely),Female,Total,"Females with disability (activity limitation) - limited, but not severely",90.16,,True
2024,DE,Alemania,Germany,M_DIS_LTD,Limited (not severely),Male,Total,"Males with disability (activity limitation) - limited, but not severely",92.11,,True
2024,DE,Alemania,Germany,Y16_24_DIS_LTD,Limited (not severely),Total,16-24,"Individuals aged 16 to 24 with disability (activity limitation) - limited, but not severely",100.0,,True
2024,DE,Alemania,Germany,Y25_54_DIS_LTD,Limited (not severely),Total,25-54,"Individuals aged 25 to 54 with disability (activity limitation) - limited, but not severely",96.19,,True
2024,DE,Alemania,Germany,Y55_74_DIS_LTD,Limited (not severely),Total,55-74,"Individuals aged 55 to 74 with disability (activity limitation) - limited, but not severely",87.11,,True
2024,DE,Alemania,Germany,DIS_LTD,Limited (not severely),Total,Total,"Disability (activity limitation) - limited, but not severely",91.13,,True
2024,DE,Alemania,Germany,F_DIS_LTD_SEV,Limited or severely limited,Female,Total,Females with disability (activity limitation) - limited or severely limited,87.8,,True
2024,DE,Alemania,Germany,M_DIS_LTD_SEV,Limited or severely limited,Male,Total,Males with disability (activity limitation) - limited or severely limited,89.99,,True
2024,DE,Alemania,Germany,Y16_24_DIS_LTD_SEV,Limited or severely limited,Total,16-24,Individuals aged 16 to 24 with disability (activity limitation) - limited or severely limited,95.89,,True
2024,DE,Alemania,Germany,Y25_54_DIS_LTD_SEV,Limited or severely limited,Total,25-54,Individuals aged 25 to 54 with disability (activity limitation) - limited or severely limited,94.29,,True
2024,DE,Alemania,Germany,Y55_74_DIS_LTD_SEV,Limited or severely limited,Total,55-74,Individuals aged 55 to 74 with disability (activity limitation) - limited or severely limited,84.88,,True
2024,DE,Alemania,Germany,DIS_LTD_SEV,Limited or severely limited,Total,Total,Disability (activity limitation) - limited or severely limited,88.86,,True
2024,DE,Alemania,Germany,F_DIS_NONE,No disability,Female,Total,Females with disability (activity limitation) - not limited at all,95.26,,True
2024,DE,Alemania,Germany,M_DIS_NONE,No disability,Male,Total,Males with disability (activity limitation) - not limited at all,95.9,,True
2024,DE,Alemania,Germany,Y16_24_DIS_NONE,No disability,Total,16-24,Individuals aged 16 to 24 with disability (activity limitation) - not limited at all,97.99,,True
2024,DE,Alemania,Germany,Y25_54_DIS_NONE,No disability,Total,25-54,Individuals aged 25 to 54 with disability (activity limitation) - not limited at all,97.24,,True
2024,DE,Alemania,Germany,Y55_74_DIS_NONE,No disability,Total,55-74,Individuals aged 55 to 74 with disability (activity limitation) - not limited at all,91.66,,True
2024,DE,Alemania,Germany,DIS_NONE,No disability,Total,Total,Disability (activity limitation) - not limited at all,95.58,,True
2024,DE,Alemania,Germany,F_DIS_SEV,Severely limited,Female,Total,Females with disability (activity limitation) - severely limited,83.67,,True
2024,DE,Alemania,Germany,M_DIS_SEV,Severely limited,Male,Total,Males with disability (activity limitation) - severely limited,85.58,,True
2024,DE,Alemania,Germany,Y16_24_DIS_SEV,Severely limited,Total,16-24,Individuals aged 16 to 24 with disability (activity limitation) - severely limited,84.5,u,False
2024,DE,Alemania,Germany,Y25_54_DIS_SEV,Severely limited,Total,25-54,Individuals aged 25 to 54 with disability (activity limitation) - severely limited,90.78,,True
2024,DE,Alemania,Germany,Y55_74_DIS_SEV,Severely limited,Total,55-74,Individuals aged 55 to 74 with disability (activity limitation) - severely limited,80.7,,True
2024,DE,Alemania,Germany,DIS_SEV,Severely limited,Total,Total,Disability (activity limitation) - severely limited,84.53,,True
2024,ES,España,Spain,F_DIS_LTD,Limited (not severely),Female,Total,"Females with disability (activity limitation) - limited, but not severely",93.14,,True
2024,ES,España,Spain,M_DIS_LTD,Limited (not severely),Male,Total,"Males with disability (activity limitation) - limited, but not severely",92.04,,True
2024,ES,España,Spain,Y16_24_DIS_LTD,Limited (not severely),Total,16-24,"Individuals aged 16 to 24 with disability (activity limitation) - limited, but not severely",98.01,,True
2024,ES,España,Spain,Y25_54_DIS_LTD,Limited (not severely),Total,25-54,"Individuals aged 25 to 54 with disability (activity limitation) - limited, but not severely",97.01,,True
2024,ES,España,Spain,Y55_74_DIS_LTD,Limited (not severely),Total,55-74,"Individuals aged 55 to 74 with disability (activity limitation) - limited, but not severely",88.71,,True
2024,ES,España,Spain,DIS_LTD,Limited (not severely),Total,Total,"Disability (activity limitation) - limited, but not severely",92.62,,True
2024,ES,España,Spain,F_DIS_LTD_SEV,Limited or severely limited,Female,Total,Females with disability (activity limitation) - limited or severely limited,90.69,,True
2024,ES,España,Spain,M_DIS_LTD_SEV,Limited or severely limited,Male,Total,Males with disability (activity limitation) - limited or severely limited,90.69,,True
2024,ES,España,Spain,Y16_24_DIS_LTD_SEV,Limited or severely limited,Total,16-24,Individuals aged 16 to 24 with disability (activity limitation) - limited or severely limited,98.04,,True
2024,ES,España,Spain,Y25_54_DIS_LTD_SEV,Limited or severely limited,Total,25-54,Individuals aged 25 to 54 with disability (activity limitation) - limited or severely limited,95.13,,True
2024,ES,España,Spain,Y55_74_DIS_LTD_SEV,Limited or severely limited,Total,55-74,Individuals aged 55 to 74 with disability (activity limitation) - limited or severely limited,86.76,,True
2024,ES,España,Spain,DIS_LTD_SEV,Limited or severely limited,Total,Total,Disability (activity limitation) - limited or severely limited,90.69,,True
2024,ES,España,Spain,F_DIS_NONE,No disability,Female,Total,Females with disability (activity limitation) - not limited at all,97.98,,True
2024,ES,España,Spain,M_DIS_NONE,No disability,Male,Total,Males with disability (activity limitation) - not limited at all,97.14,,True
2024,ES,España,Spain,Y16_24_DIS_NONE,No disability,Total,16-24,Individuals aged 16 to 24 with disability (activity limitation) - not limited at all,99.96,,True
2024,ES,España,Spain,Y25_54_DIS_NONE,No disability,Total,25-54,Individuals aged 25 to 54 with disability (activity limitation) - not limited at all,99.26,,True
2024,ES,España,Spain,Y55_74_DIS_NONE,No disability,Total,55-74,Individuals aged 55 to 74 with disability (activity limitation) - not limited at all,92.78,,True
2024,ES,España,Spain,DIS_NONE,No disability,Total,Total,Disability (activity limitation) - not limited at all,97.56,,True
2024,ES,España,Spain,F_DIS_SEV,Severely limited,Female,Total,Females with disability (activity limitation) - severely limited,73.91,,True
2024,ES,España,Spain,M_DIS_SEV,Severely limited,Male,Total,Males with disability (activity limitation) - severely limited,83.83,,True
2024,ES,España,Spain,Y16_24_DIS_SEV,Severely limited,Total,16-24,Individuals aged 16 to 24 with disability (activity limitation) - severely limited,,u,False
2024,ES,España,Spain,Y25_54_DIS_SEV,Severely limited,Total,25-54,Individuals aged 25 to 54 with disability (activity limitation) - severely limited,82.31,,True
2024,ES,España,Spain,Y55_74_DIS_SEV,Severely limited,Total,55-74,Individuals aged 55 to 74 with disability (activity limitation) - severely limited,76.85,,True
2024,ES,España,Spain,DIS_SEV,Severely limited,Total,Total,Disability (activity limitation) - severely limited,79.3,,True
2024,EU27_2020,Media UE-27,European Union - 27 countries (from 2020),F_DIS_LTD,Limited (not severely),Female,Total,"Females with disability (activity limitation) - limited, but not severely",88.63,,True
2024,EU27_2020,Media UE-27,European Union - 27 countries (from 2020),M_DIS_LTD,Limited (not severely),Male,Total,"Males with disability (activity limitation) - limited, but not severely",89.53,,True
2024,EU27_2020,Media UE-27,European Union - 27 countries (from 2020),Y16_24_DIS_LTD,Limited (not severely),Total,16-24,"Individuals aged 16 to 24 with disability (activity limitation) - limited, but not severely",99.14,,True
2024,EU27_2020,Media UE-27,European Union - 27 countries (from 2020),Y25_54_DIS_LTD,Limited (not severely),Total,25-54,"Individuals aged 25 to 54 with disability (activity limitation) - limited, but not severely",96.95,,True
2024,EU27_2020,Media UE-27,European Union - 27 countries (from 2020),Y55_74_DIS_LTD,Limited (not severely),Total,55-74,"Individuals aged 55 to 74 with disability (activity limitation) - limited, but not severely",82.74,,True
2024,EU27_2020,Media UE-27,European Union - 27 countries (from 2020),DIS_LTD,Limited (not severely),Total,Total,"Disability (activity limitation) - limited, but not severely",89.04,,True
2024,EU27_2020,Media UE-27,European Union - 27 countries (from 2020),F_DIS_LTD_SEV,Limited or severely limited,Female,Total,Females with disability (activity limitation) - limited or severely limited,87.08,,True
2024,EU27_2020,Media UE-27,European Union - 27 countries (from 2020),M_DIS_LTD_SEV,Limited or severely limited,Male,Total,Males with disability (activity limitation) - limited or severely limited,87.29,,True
2024,EU27_2020,Media UE-27,European Union - 27 countries (from 2020),Y16_24_DIS_LTD_SEV,Limited or severely limited,Total,16-24,Individuals aged 16 to 24 with disability (activity limitation) - limited or severely limited,96.6,,True
2024,EU27_2020,Media UE-27,European Union - 27 countries (from 2020),Y25_54_DIS_LTD_SEV,Limited or severely limited,Total,25-54,Individuals aged 25 to 54 with disability (activity limitation) - limited or severely limited,94.85,,True
2024,EU27_2020,Media UE-27,European Union - 27 countries (from 2020),Y55_74_DIS_LTD_SEV,Limited or severely limited,Total,55-74,Individuals aged 55 to 74 with disability (activity limitation) - limited or severely limited,80.98,,True
2024,EU27_2020,Media UE-27,European Union - 27 countries (from 2020),DIS_LTD_SEV,Limited or severely limited,Total,Total,Disability (activity limitation) - limited or severely limited,87.18,,True
2024,EU27_2020,Media UE-27,European Union - 27 countries (from 2020),F_DIS_NONE,No disability,Female,Total,Females with disability (activity limitation) - not limited at all,95.08,,True
2024,EU27_2020,Media UE-27,European Union - 27 countries (from 2020),M_DIS_NONE,No disability,Male,Total,Males with disability (activity limitation) - not limited at all,95.35,,True
2024,EU27_2020,Media UE-27,European Union - 27 countries (from 2020),Y16_24_DIS_NONE,No disability,Total,16-24,Individuals aged 16 to 24 with disability (activity limitation) - not limited at all,99.22,,True
2024,EU27_2020,Media UE-27,European Union - 27 countries (from 2020),Y25_54_DIS_NONE,No disability,Total,25-54,Individuals aged 25 to 54 with disability (activity limitation) - not limited at all,97.99,,True
2024,EU27_2020,Media UE-27,European Union - 27 countries (from 2020),Y55_74_DIS_NONE,No disability,Total,55-74,Individuals aged 55 to 74 with disability (activity limitation) - not limited at all,88.01,,True
2024,EU27_2020,Media UE-27,European Union - 27 countries (from 2020),DIS_NONE,No disability,Total,Total,Disability (activity limitation) - not limited at all,95.22,,True
2024,EU27_2020,Media UE-27,European Union - 27 countries (from 2020),F_DIS_SEV,Severely limited,Female,Total,Females with disability (activity limitation) - severely limited,82.93,,True
2024,EU27_2020,Media UE-27,European Union - 27 countries (from 2020),M_DIS_SEV,Severely limited,Male,Total,Males with disability (activity limitation) - severely limited,81.54,,True
2024,EU27_2020,Media UE-27,European Union - 27 countries (from 2020),Y16_24_DIS_SEV,Severely limited,Total,16-24,Individuals aged 16 to 24 with disability (activity limitation) - severely limited,88.55,,True
2024,EU27_2020,Media UE-27,European Union - 27 countries (from 2020),Y25_54_DIS_SEV,Severely limited,Total,25-54,Individuals aged 25 to 54 with disability (activity limitation) - severely limited,89.75,,True
2024,EU27_2020,Media UE-27,European Union - 27 countries (from 2020),Y55_74_DIS_SEV,Severely limited,Total,55-74,Individuals aged 55 to 74 with disability (activity limitation) - severely limited,76.21,,True
2024,EU27_2020,Media UE-27,European Union - 27 countries (from 2020),DIS_SEV,Severely limited,Total,Total,Disability (activity limitation) - severely limited,82.29,,True
2024,FR,Francia,France,F_DIS_LTD,Limited (not severely),Female,Total,"Females with disability (activity limitation) - limited, but not severely",95.04,,True
2024,FR,Francia,France,M_DIS_LTD,Limited (not severely),Male,Total,"Males with disability (activity limitation) - limited, but not severely",92.61,,True
2024,FR,Francia,France,Y16_24_DIS_LTD,Limited (not severely),Total,16-24,"Individuals aged 16 to 24 with disability (activity limitation) - limited, but not severely",99.51,u,False
2024,FR,Francia,France,Y25_54_DIS_LTD,Limited (not severely),Total,25-54,"Individuals aged 25 to 54 with disability (activity limitation) - limited, but not severely",98.06,,True
2024,FR,Francia,France,Y55_74_DIS_LTD,Limited (not severely),Total,55-74,"Individuals aged 55 to 74 with disability (activity limitation) - limited, but not severely",89.31,,True
2024,FR,Francia,France,DIS_LTD,Limited (not severely),Total,Total,"Disability (activity limitation) - limited, but not severely",94.0,,True
2024,FR,Francia,France,F_DIS_LTD_SEV,Limited or severely limited,Female,Total,Females with disability (activity limitation) - limited or severely limited,92.68,,True
2024,FR,Francia,France,M_DIS_LTD_SEV,Limited or severely limited,Male,Total,Males with disability (activity limitation) - limited or severely limited,89.03,,True
2024,FR,Francia,France,Y16_24_DIS_LTD_SEV,Limited or severely limited,Total,16-24,Individuals aged 16 to 24 with disability (activity limitation) - limited or severely limited,96.84,,True
2024,FR,Francia,France,Y25_54_DIS_LTD_SEV,Limited or severely limited,Total,25-54,Individuals aged 25 to 54 with disability (activity limitation) - limited or severely limited,96.53,,True
2024,FR,Francia,France,Y55_74_DIS_LTD_SEV,Limited or severely limited,Total,55-74,Individuals aged 55 to 74 with disability (activity limitation) - limited or severely limited,85.59,,True
2024,FR,Francia,France,DIS_LTD_SEV,Limited or severely limited,Total,Total,Disability (activity limitation) - limited or severely limited,91.15,,True
2024,FR,Francia,France,F_DIS_NONE,No disability,Female,Total,Females with disability (activity limitation) - not limited at all,96.44,,True
2024,FR,Francia,France,M_DIS_NONE,No disability,Male,Total,Males with disability (activity limitation) - not limited at all,96.04,,True
2024,FR,Francia,France,Y16_24_DIS_NONE,No disability,Total,16-24,Individuals aged 16 to 24 with disability (activity limitation) - not limited at all,99.18,,True
2024,FR,Francia,France,Y25_54_DIS_NONE,No disability,Total,25-54,Individuals aged 25 to 54 with disability (activity limitation) - not limited at all,97.81,,True
2024,FR,Francia,France,Y55_74_DIS_NONE,No disability,Total,55-74,Individuals aged 55 to 74 with disability (activity limitation) - not limited at all,91.69,,True
2024,FR,Francia,France,DIS_NONE,No disability,Total,Total,Disability (activity limitation) - not limited at all,96.24,,True
2024,FR,Francia,France,F_DIS_SEV,Severely limited,Female,Total,Females with disability (activity limitation) - severely limited,89.28,,True
2024,FR,Francia,France,M_DIS_SEV,Severely limited,Male,Total,Males with disability (activity limitation) - severely limited,83.3,,True
2024,FR,Francia,France,Y16_24_DIS_SEV,Severely limited,Total,16-24,Individuals aged 16 to 24 with disability (activity limitation) - severely limited,,u,False
2024,FR,Francia,France,Y25_54_DIS_SEV,Severely limited,Total,25-54,Individuals aged 25 to 54 with disability (activity limitation) - severely limited,94.31,,True
2024,FR,Francia,France,Y55_74_DIS_SEV,Severely limited,Total,55-74,Individuals aged 55 to 74 with disability (activity limitation) - severely limited,80.37,,True
2024,FR,Francia,France,DIS_SEV,Severely limited,Total,Total,Disability (activity limitation) - severely limited,86.88,,True
2024,IT,Italia,Italy,F_DIS_LTD,Limited (not severely),Female,Total,"Females with disability (activity limitation) - limited, but not severely",84.15,,True
2024,IT,Italia,Italy,M_DIS_LTD,Limited (not severely),Male,Total,"Males with disability (activity limitation) - limited, but not severely",87.67,,True
2024,IT,Italia,Italy,Y16_24_DIS_LTD,Limited (not severely),Total,16-24,"Individuals aged 16 to 24 with disability (activity limitation) - limited, but not severely",97.27,,True
2024,IT,Italia,Italy,Y25_54_DIS_LTD,Limited (not severely),Total,25-54,"Individuals aged 25 to 54 with disability (activity limitation) - limited, but not severely",95.76,,True
2024,IT,Italia,Italy,Y55_74_DIS_LTD,Limited (not severely),Total,55-74,"Individuals aged 55 to 74 with disability (activity limitation) - limited, but not severely",77.61,,True
2024,IT,Italia,Italy,DIS_LTD,Limited (not severely),Total,Total,"Disability (activity limitation) - limited, but not severely",85.75,,True
2024,IT,Italia,Italy,F_DIS_LTD_SEV,Limited or severely limited,Female,Total,Females with disability (activity limitation) - limited or severely limited,82.58,,True
2024,IT,Italia,Italy,M_DIS_LTD_SEV,Limited or severely limited,Male,Total,Males with disability (activity limitation) - limited or severely limited,84.97,,True
2024,IT,Italia,Italy,Y16_24_DIS_LTD_SEV,Limited or severely limited,Total,16-24,Individuals aged 16 to 24 with disability (activity limitation) - limited or severely limited,96.94,,True
2024,IT,Italia,Italy,Y25_54_DIS_LTD_SEV,Limited or severely limited,Total,25-54,Individuals aged 25 to 54 with disability (activity limitation) - limited or severely limited,93.49,,True
2024,IT,Italia,Italy,Y55_74_DIS_LTD_SEV,Limited or severely limited,Total,55-74,Individuals aged 55 to 74 with disability (activity limitation) - limited or severely limited,75.72,,True
2024,IT,Italia,Italy,DIS_LTD_SEV,Limited or severely limited,Total,Total,Disability (activity limitation) - limited or severely limited,83.68,,True
2024,IT,Italia,Italy,F_DIS_NONE,No disability,Female,Total,Females with disability (activity limitation) - not limited at all,92.3,,True
2024,IT,Italia,Italy,M_DIS_NONE,No disability,Male,Total,Males with disability (activity limitation) - not limited at all,93.45,,True
2024,IT,Italia,Italy,Y16_24_DIS_NONE,No disability,Total,16-24,Individuals aged 16 to 24 with disability (activity limitation) - not limited at all,98.84,,True
2024,IT,Italia,Italy,Y25_54_DIS_NONE,No disability,Total,25-54,Individuals aged 25 to 54 with disability (activity limitation) - not limited at all,96.02,,True
2024,IT,Italia,Italy,Y55_74_DIS_NONE,No disability,Total,55-74,Individuals aged 55 to 74 with disability (activity limitation) - not limited at all,84.75,,True
2024,IT,Italia,Italy,DIS_NONE,No disability,Total,Total,Disability (activity limitation) - not limited at all,92.88,,True
2024,IT,Italia,Italy,F_DIS_SEV,Severely limited,Female,Total,Females with disability (activity limitation) - severely limited,75.03,,True
2024,IT,Italia,Italy,M_DIS_SEV,Severely limited,Male,Total,Males with disability (activity limitation) - severely limited,74.2,,True
2024,IT,Italia,Italy,Y16_24_DIS_SEV,Severely limited,Total,16-24,Individuals aged 16 to 24 with disability (activity limitation) - severely limited,95.3,u,False
2024,IT,Italia,Italy,Y25_54_DIS_SEV,Severely limited,Total,25-54,Individuals aged 25 to 54 with disability (activity limitation) - severely limited,82.81,,True
2024,IT,Italia,Italy,Y55_74_DIS_SEV,Severely limited,Total,55-74,Individuals aged 55 to 74 with disability (activity limitation) - severely limited,67.85,,True
2024,IT,Italia,Italy,DIS_SEV,Severely limited,Total,Total,Disability (activity limitation) - severely limited,74.61,,True
2024,LT,Lituania,Lithuania,F_DIS_LTD,Limited (not severely),Female,Total,"Females with disability (activity limitation) - limited, but not severely",76.34,,True
2024,LT,Lituania,Lithuania,M_DIS_LTD,Limited (not severely),Male,Total,"Males with disability (activity limitation) - limited, but not severely",75.38,,True
2024,LT,Lituania,Lithuania,Y16_24_DIS_LTD,Limited (not severely),Total,16-24,"Individuals aged 16 to 24 with disability (activity limitation) - limited, but not severely",100.0,u,False
2024,LT,Lituania,Lithuania,Y25_54_DIS_LTD,Limited (not severely),Total,25-54,"Individuals aged 25 to 54 with disability (activity limitation) - limited, but not severely",90.54,,True
2024,LT,Lituania,Lithuania,Y55_74_DIS_LTD,Limited (not severely),Total,55-74,"Individuals aged 55 to 74 with disability (activity limitation) - limited, but not severely",66.35,,True
2024,LT,Lituania,Lithuania,DIS_LTD,Limited (not severely),Total,Total,"Disability (activity limitation) - limited, but not severely",75.91,,True
2024,LT,Lituania,Lithuania,F_DIS_LTD_SEV,Limited or severely limited,Female,Total,Females with disability (activity limitation) - limited or severely limited,74.26,,True
2024,LT,Lituania,Lithuania,M_DIS_LTD_SEV,Limited or severely limited,Male,Total,Males with disability (activity limitation) - limited or severely limited,70.79,,True
2024,LT,Lituania,Lithuania,Y16_24_DIS_LTD_SEV,Limited or severely limited,Total,16-24,Individuals aged 16 to 24 with disability (activity limitation) - limited or severely limited,91.9,u,False
2024,LT,Lituania,Lithuania,Y25_54_DIS_LTD_SEV,Limited or severely limited,Total,25-54,Individuals aged 25 to 54 with disability (activity limitation) - limited or severely limited,88.61,,True
2024,LT,Lituania,Lithuania,Y55_74_DIS_LTD_SEV,Limited or severely limited,Total,55-74,Individuals aged 55 to 74 with disability (activity limitation) - limited or severely limited,62.87,,True
2024,LT,Lituania,Lithuania,DIS_LTD_SEV,Limited or severely limited,Total,Total,Disability (activity limitation) - limited or severely limited,72.65,,True
2024,LT,Lituania,Lithuania,F_DIS_NONE,No disability,Female,Total,Females with disability (activity limitation) - not limited at all,94.59,,True
2024,LT,Lituania,Lithuania,M_DIS_NONE,No disability,Male,Total,Males with disability (activity limitation) - not limited at all,92.0,,True
2024,LT,Lituania,Lithuania,Y16_24_DIS_NONE,No disability,Total,16-24,Individuals aged 16 to 24 with disability (activity limitation) - not limited at all,99.58,,True
2024,LT,Lituania,Lithuania,Y25_54_DIS_NONE,No disability,Total,25-54,Individuals aged 25 to 54 with disability (activity limitation) - not limited at all,97.88,,True
2024,LT,Lituania,Lithuania,Y55_74_DIS_NONE,No disability,Total,55-74,Individuals aged 55 to 74 with disability (activity limitation) - not limited at all,80.99,,True
2024,LT,Lituania,Lithuania,DIS_NONE,No disability,Total,Total,Disability (activity limitation) - not limited at all,93.31,,True
2024,LT,Lituania,Lithuania,F_DIS_SEV,Severely limited,Female,Total,Females with disability (activity limitation) - severely limited,62.93,u,False
2024,LT,Lituania,Lithuania,M_DIS_SEV,Severely limited,Male,Total,Males with disability (activity limitation) - severely limited,52.57,u,False
2024,LT,Lituania,Lithuania,Y16_24_DIS_SEV,Severely limited,Total,16-24,Individuals aged 16 to 24 with disability (activity limitation) - severely limited,,u,False
2024,LT,Lituania,Lithuania,Y25_54_DIS_SEV,Severely limited,Total,25-54,Individuals aged 25 to 54 with disability (activity limitation) - severely limited,79.64,u,False
2024,LT,Lituania,Lithuania,Y55_74_DIS_SEV,Severely limited,Total,55-74,Individuals aged 55 to 74 with disability (activity limitation) - severely limited,46.38,u,False
2024,LT,Lituania,Lithuania,DIS_SEV,Severely limited,Total,Total,Disability (activity limitation) - severely limited,57.45,,True
2024,NL,Países Bajos,Netherlands,F_DIS_LTD,Limited (not severely),Female,Total,"Females with disability (activity limitation) - limited, but not severely",99.38,,True
2024,NL,Países Bajos,Netherlands,M_DIS_LTD,Limited (not severely),Male,Total,"Males with disability (activity limitation) - limited, but not severely",99.67,,True
2024,NL,Países Bajos,Netherlands,Y16_24_DIS_LTD,Limited (not severely),Total,16-24,"Individuals aged 16 to 24 with disability (activity limitation) - limited, but not severely",100.0,,True
2024,NL,Países Bajos,Netherlands,Y25_54_DIS_LTD,Limited (not severely),Total,25-54,"Individuals aged 25 to 54 with disability (activity limitation) - limited, but not severely",99.62,,True
2024,NL,Países Bajos,Netherlands,Y55_74_DIS_LTD,Limited (not severely),Total,55-74,"Individuals aged 55 to 74 with disability (activity limitation) - limited, but not severely",99.33,,True
2024,NL,Países Bajos,Netherlands,DIS_LTD,Limited (not severely),Total,Total,"Disability (activity limitation) - limited, but not severely",99.51,,True
2024,NL,Países Bajos,Netherlands,F_DIS_LTD_SEV,Limited or severely limited,Female,Total,Females with disability (activity limitation) - limited or severely limited,99.35,,True
2024,NL,Países Bajos,Netherlands,M_DIS_LTD_SEV,Limited or severely limited,Male,Total,Males with disability (activity limitation) - limited or severely limited,99.32,,True
2024,NL,Países Bajos,Netherlands,Y16_24_DIS_LTD_SEV,Limited or severely limited,Total,16-24,Individuals aged 16 to 24 with disability (activity limitation) - limited or severely limited,100.0,,True
2024,NL,Países Bajos,Netherlands,Y25_54_DIS_LTD_SEV,Limited or severely limited,Total,25-54,Individuals aged 25 to 54 with disability (activity limitation) - limited or severely limited,99.7,,True
2024,NL,Países Bajos,Netherlands,Y55_74_DIS_LTD_SEV,Limited or severely limited,Total,55-74,Individuals aged 55 to 74 with disability (activity limitation) - limited or severely limited,98.93,,True
2024,NL,Países Bajos,Netherlands,DIS_LTD_SEV,Limited or severely limited,Total,Total,Disability (activity limitation) - limited or severely limited,99.34,,True
2024,NL,Países Bajos,Netherlands,F_DIS_NONE,No disability,Female,Total,Females with disability (activity limitation) - not limited at all,99.57,,True
2024,NL,Países Bajos,Netherlands,M_DIS_NONE,No disability,Male,Total,Males with disability (activity limitation) - not limited at all,99.85,,True
2024,NL,Países Bajos,Netherlands,Y16_24_DIS_NONE,No disability,Total,16-24,Individuals aged 16 to 24 with disability (activity limitation) - not limited at all,100.0,,True
2024,NL,Países Bajos,Netherlands,Y25_54_DIS_NONE,No disability,Total,25-54,Individuals aged 25 to 54 with disability (activity limitation) - not limited at all,100.0,,True
2024,NL,Países Bajos,Netherlands,Y55_74_DIS_NONE,No disability,Total,55-74,Individuals aged 55 to 74 with disability (activity limitation) - not limited at all,98.98,,True
2024,NL,Países Bajos,Netherlands,DIS_NONE,No disability,Total,Total,Disability (activity limitation) - not limited at all,99.72,,True
2024,NL,Países Bajos,Netherlands,F_DIS_SEV,Severely limited,Female,Total,Females with disability (activity limitation) - severely limited,99.23,,True
2024,NL,Países Bajos,Netherlands,M_DIS_SEV,Severely limited,Male,Total,Males with disability (activity limitation) - severely limited,97.99,,True
2024,NL,Países Bajos,Netherlands,Y16_24_DIS_SEV,Severely limited,Total,16-24,Individuals aged 16 to 24 with disability (activity limitation) - severely limited,,u,False
2024,NL,Países Bajos,Netherlands,Y25_54_DIS_SEV,Severely limited,Total,25-54,Individuals aged 25 to 54 with disability (activity limitation) - severely limited,100.0,,True
2024,NL,Países Bajos,Netherlands,Y55_74_DIS_SEV,Severely limited,Total,55-74,Individuals aged 55 to 74 with disability (activity limitation) - severely limited,97.39,,True
2024,NL,Países Bajos,Netherlands,DIS_SEV,Severely limited,Total,Total,Disability (activity limitation) - severely limited,98.67,,True
2024,PT,Portugal,Portugal,F_DIS_LTD,Limited (not severely),Female,Total,"Females with disability (activity limitation) - limited, but not severely",77.49,,True
2024,PT,Portugal,Portugal,M_DIS_LTD,Limited (not severely),Male,Total,"Males with disability (activity limitation) - limited, but not severely",73.73,,True
2024,PT,Portugal,Portugal,Y16_24_DIS_LTD,Limited (not severely),Total,16-24,"Individuals aged 16 to 24 with disability (activity limitation) - limited, but not severely",100.0,u,False
2024,PT,Portugal,Portugal,Y25_54_DIS_LTD,Limited (not severely),Total,25-54,"Individuals aged 25 to 54 with disability (activity limitation) - limited, but not severely",95.2,,True
2024,PT,Portugal,Portugal,Y55_74_DIS_LTD,Limited (not severely),Total,55-74,"Individuals aged 55 to 74 with disability (activity limitation) - limited, but not severely",64.02,,True
2024,PT,Portugal,Portugal,DIS_LTD,Limited (not severely),Total,Total,"Disability (activity limitation) - limited, but not severely",76.0,,True
2024,PT,Portugal,Portugal,F_DIS_LTD_SEV,Limited or severely limited,Female,Total,Females with disability (activity limitation) - limited or severely limited,79.57,,True
2024,PT,Portugal,Portugal,M_DIS_LTD_SEV,Limited or severely limited,Male,Total,Males with disability (activity limitation) - limited or severely limited,78.91,,True
2024,PT,Portugal,Portugal,Y16_24_DIS_LTD_SEV,Limited or severely limited,Total,16-24,Individuals aged 16 to 24 with disability (activity limitation) - limited or severely limited,100.0,,True
2024,PT,Portugal,Portugal,Y25_54_DIS_LTD_SEV,Limited or severely limited,Total,25-54,Individuals aged 25 to 54 with disability (activity limitation) - limited or severely limited,95.26,,True
2024,PT,Portugal,Portugal,Y55_74_DIS_LTD_SEV,Limited or severely limited,Total,55-74,Individuals aged 55 to 74 with disability (activity limitation) - limited or severely limited,64.73,,True
2024,PT,Portugal,Portugal,DIS_LTD_SEV,Limited or severely limited,Total,Total,Disability (activity limitation) - limited or severely limited,79.28,,True
2024,PT,Portugal,Portugal,F_DIS_NONE,No disability,Female,Total,Females with disability (activity limitation) - not limited at all,91.96,,True
2024,PT,Portugal,Portugal,M_DIS_NONE,No disability,Male,Total,Males with disability (activity limitation) - not limited at all,91.49,,True
2024,PT,Portugal,Portugal,Y16_24_DIS_NONE,No disability,Total,16-24,Individuals aged 16 to 24 with disability (activity limitation) - not limited at all,99.97,,True
2024,PT,Portugal,Portugal,Y25_54_DIS_NONE,No disability,Total,25-54,Individuals aged 25 to 54 with disability (activity limitation) - not limited at all,97.57,,True
2024,PT,Portugal,Portugal,Y55_74_DIS_NONE,No disability,Total,55-74,Individuals aged 55 to 74 with disability (activity limitation) - not limited at all,77.33,,True
2024,PT,Portugal,Portugal,DIS_NONE,No disability,Total,Total,Disability (activity limitation) - not limited at all,91.73,,True
2024,PT,Portugal,Portugal,F_DIS_SEV,Severely limited,Female,Total,Females with disability (activity limitation) - severely limited,83.57,,True
2024,PT,Portugal,Portugal,M_DIS_SEV,Severely limited,Male,Total,Males with disability (activity limitation) - severely limited,85.37,,True
2024,PT,Portugal,Portugal,Y16_24_DIS_SEV,Severely limited,Total,16-24,Individuals aged 16 to 24 with disability (activity limitation) - severely limited,100.0,u,False
2024,PT,Portugal,Portugal,Y25_54_DIS_SEV,Severely limited,Total,25-54,Individuals aged 25 to 54 with disability (activity limitation) - severely limited,95.32,,True
2024,PT,Portugal,Portugal,Y55_74_DIS_SEV,Severely limited,Total,55-74,Individuals aged 55 to 74 with disability (activity limitation) - severely limited,66.51,,True
2024,PT,Portugal,Portugal,DIS_SEV,Severely limited,Total,Total,Disability (activity limitation) - severely limited,84.47,,True
2024,SE,Suecia,Sweden,F_DIS_LTD,Limited (not severely),Female,Total,"Females with disability (activity limitation) - limited, but not severely",98.7,,True
2024,SE,Suecia,Sweden,M_DIS_LTD,Limited (not severely),Male,Total,"Males with disability (activity limitation) - limited, but not severely",97.85,,True
2024,SE,Suecia,Sweden,Y16_24_DIS_LTD,Limited (not severely),Total,16-24,"Individuals aged 16 to 24 with disability (activity limitation) - limited, but not severely",100.0,,True
2024,SE,Suecia,Sweden,Y25_54_DIS_LTD,Limited (not severely),Total,25-54,"Individuals aged 25 to 54 with disability (activity limitation) - limited, but not severely",100.0,,True
2024,SE,Suecia,Sweden,Y55_74_DIS_LTD,Limited (not severely),Total,55-74,"Individuals aged 55 to 74 with disability (activity limitation) - limited, but not severely",95.59,,True
2024,SE,Suecia,Sweden,DIS_LTD,Limited (not severely),Total,Total,"Disability (activity limitation) - limited, but not severely",98.33,,True
2024,SE,Suecia,Sweden,F_DIS_LTD_SEV,Limited or severely limited,Female,Total,Females with disability (activity limitation) - limited or severely limited,97.87,,True
2024,SE,Suecia,Sweden,M_DIS_LTD_SEV,Limited or severely limited,Male,Total,Males with disability (activity limitation) - limited or severely limited,96.88,,True
2024,SE,Suecia,Sweden,Y16_24_DIS_LTD_SEV,Limited or severely limited,Total,16-24,Individuals aged 16 to 24 with disability (activity limitation) - limited or severely limited,100.0,,True
2024,SE,Suecia,Sweden,Y25_54_DIS_LTD_SEV,Limited or severely limited,Total,25-54,Individuals aged 25 to 54 with disability (activity limitation) - limited or severely limited,98.47,,True
2024,SE,Suecia,Sweden,Y55_74_DIS_LTD_SEV,Limited or severely limited,Total,55-74,Individuals aged 55 to 74 with disability (activity limitation) - limited or severely limited,95.03,,True
2024,SE,Suecia,Sweden,DIS_LTD_SEV,Limited or severely limited,Total,Total,Disability (activity limitation) - limited or severely limited,97.43,,True
2024,SE,Suecia,Sweden,F_DIS_NONE,No disability,Female,Total,Females with disability (activity limitation) - not limited at all,99.38,,True
2024,SE,Suecia,Sweden,M_DIS_NONE,No disability,Male,Total,Males with disability (activity limitation) - not limited at all,98.94,,True
2024,SE,Suecia,Sweden,Y16_24_DIS_NONE,No disability,Total,16-24,Individuals aged 16 to 24 with disability (activity limitation) - not limited at all,99.89,,True
2024,SE,Suecia,Sweden,Y25_54_DIS_NONE,No disability,Total,25-54,Individuals aged 25 to 54 with disability (activity limitation) - not limited at all,99.6,,True
2024,SE,Suecia,Sweden,Y55_74_DIS_NONE,No disability,Total,55-74,Individuals aged 55 to 74 with disability (activity limitation) - not limited at all,97.99,,True
2024,SE,Suecia,Sweden,DIS_NONE,No disability,Total,Total,Disability (activity limitation) - not limited at all,99.15,,True
2024,SE,Suecia,Sweden,F_DIS_SEV,Severely limited,Female,Total,Females with disability (activity limitation) - severely limited,95.01,,True
2024,SE,Suecia,Sweden,M_DIS_SEV,Severely limited,Male,Total,Males with disability (activity limitation) - severely limited,93.72,u,False
2024,SE,Suecia,Sweden,Y16_24_DIS_SEV,Severely limited,Total,16-24,Individuals aged 16 to 24 with disability (activity limitation) - severely limited,,u,False
2024,SE,Suecia,Sweden,Y25_54_DIS_SEV,Severely limited,Total,25-54,Individuals aged 25 to 54 with disability (activity limitation) - severely limited,94.47,u,False
2024,SE,Suecia,Sweden,Y55_74_DIS_SEV,Severely limited,Total,55-74,Individuals aged 55 to 74 with disability (activity limitation) - severely limited,92.71,u,False
2024,SE,Suecia,Sweden,DIS_SEV,Severely limited,Total,Total,Disability (activity limitation) - severely limited,94.43,,True
