STRUCTURE,STRUCTURE_ID,STRUCTURE_NAME,freq,Time frequency,indic_is,Information society indicator,unit,Unit of measure,TIME_PERIOD,Time,geo,Geopolitical entity (reporting),ind_type,Individual type,OBS_VALUE,Observation value,OBS_FLAG,Observation status (Flag) V2 structure,CONF_STATUS,Confidentiality status (flag)
dataflow,ESTAT:DSB_ICTIU01(1.0),Persons using the internet in the past 12 months by level of disability (activity limitation),A,Annual,I_ILT12,Last internet use: in the last 12 months,PC_IND,Percentage of individuals,2024,,DE,Germany,DIS_LTD,"Disability (activity limitation) - limited, but not severely",91.13,,,,,
dataflow,ESTAT:DSB_ICTIU01(1.0),Persons using the internet in the past 12 months by level of disability (activity limitation),A,Annual,I_ILT12,Last internet use: in the last 12 months,PC_IND,Percentage of individuals,2024,,DE,Germany,DIS_LTD_SEV,Disability (activity limitation) - limited or severely limited,88.86,,,,,
dataflow,ESTAT:DSB_ICTIU01(1.0),Persons using the internet in the past 12 months by level of disability (activity limitation),A,Annual,I_ILT12,Last internet use: in the last 12 months,PC_IND,Percentage of individuals,2024,,DE,Germany,DIS_NONE,Disability (activity limitation) - not limited at all,95.58,,,,,
dataflow,ESTAT:DSB_ICTIU01(1.0),Persons using the internet in the past 12 months by level of disability (activity limitation),A,Annual,I_ILT12,Last internet use: in the last 12 months,PC_IND,Percentage of individuals,2024,,DE,Germany,DIS_SEV,Disability (activity limitation) - severely limited,84.53,,,,,
dataflow,ESTAT:DSB_ICTIU01(1.0),Persons using the internet in the past 12 months by level of disability (activity limitation),A,Annual,I_ILT12,Last internet use: in the last 12 months,PC_IND,Percentage of individuals,2024,,DE,Germany,F_DIS_LTD,"Females with disability (activity limitation) - limited, but not severely",90.16,,,,,
dataflow,ESTAT:DSB_ICTIU01(1.0),Persons using the internet in the past 12 months by level of disability (activity limitation),A,Annual,I_ILT12,Last internet use: in the last 12 months,PC_IND,Percentage of individuals,2024,,DE,Germany,F_DIS_LTD_SEV,Females with disability (activity limitation) - limited or severely limited,87.80,,,,,
dataflow,ESTAT:DSB_ICTIU01(1.0),Persons using the internet in the past 12 months by level of disability (activity limitation),A,Annual,I_ILT12,Last internet use: in the last 12 months,PC_IND,Percentage of individuals,2024,,DE,Germany,F_DIS_NONE,Females with disability (activity limitation) - not limited at all,95.26,,,,,
dataflow,ESTAT:DSB_ICTIU01(1.0),Persons using the internet in the past 12 months by level of disability (activity limitation),A,Annual,I_ILT12,Last internet use: in the last 12 months,PC_IND,Percentage of individuals,2024,,DE,Germany,F_DIS_SEV,Females with disability (activity limitation) - severely limited,83.67,,,,,
dataflow,ESTAT:DSB_ICTIU01(1.0),Persons using the internet in the past 12 months by level of disability (activity limitation),A,Annual,I_ILT12,Last internet use: in the last 12 months,PC_IND,Percentage of individuals,2024,,DE,Germany,M_DIS_LTD,"Males with disability (activity limitation) - limited, but not severely",92.11,,,,,
dataflow,ESTAT:DSB_ICTIU01(1.0),Persons using the internet in the past 12 months by level of disability (activity limitation),A,Annual,I_ILT12,Last internet use: in the last 12 months,PC_IND,Percentage of individuals,2024,,DE,Germany,M_DIS_LTD_SEV,Males with disability (activity limitation) - limited or severely limited,89.99,,,,,
dataflow,ESTAT:DSB_ICTIU01(1.0),Persons using the internet in the past 12 months by level of disability (activity limitation),A,Annual,I_ILT12,Last internet use: in the last 12 months,PC_IND,Percentage of individuals,2024,,DE,Germany,M_DIS_NONE,Males with disability (activity limitation) - not limited at all,95.90,,,,,
dataflow,ESTAT:DSB_ICTIU01(1.0),Persons using the internet in the past 12 months by level of disability (activity limitation),A,Annual,I_ILT12,Last internet use: in the last 12 months,PC_IND,Percentage of individuals,2024,,DE,Germany,M_DIS_SEV,Males with disability (activity limitation) - severely limited,85.58,,,,,
dataflow,ESTAT:DSB_ICTIU01(1.0),Persons using the internet in the past 12 months by level of disability (activity limitation),A,Annual,I_ILT12,Last internet use: in the last 12 months,PC_IND,Percentage of individuals,2024,,DE,Germany,Y16_24_DIS_LTD,"Individuals aged 16 to 24 with disability (activity limitation) - limited, but not severely",100.00,,,,,
dataflow,ESTAT:DSB_ICTIU01(1.0),Persons using the internet in the past 12 months by level of disability (activity limitation),A,Annual,I_ILT12,Last internet use: in the last 12 months,PC_IND,Percentage of individuals,2024,,DE,Germany,Y16_24_DIS_LTD_SEV,Individuals aged 16 to 24 with disability (activity limitation) - limited or severely limited,95.89,,,,,
dataflow,ESTAT:DSB_ICTIU01(1.0),Persons using the internet in the past 12 months by level of disability (activity limitation),A,Annual,I_ILT12,Last internet use: in the last 12 months,PC_IND,Percentage of individuals,2024,,DE,Germany,Y16_24_DIS_NONE,Individuals aged 16 to 24 with disability (activity limitation) - not limited at all,97.99,,,,,
dataflow,ESTAT:DSB_ICTIU01(1.0),Persons using the internet in the past 12 months by level of disability (activity limitation),A,Annual,I_ILT12,Last internet use: in the last 12 months,PC_IND,Percentage of individuals,2024,,DE,Germany,Y16_24_DIS_SEV,Individuals aged 16 to 24 with disability (activity limitation) - severely limited,84.50,,u,low reliability,,
dataflow,ESTAT:DSB_ICTIU01(1.0),Persons using the internet in the past 12 months by level of disability (activity limitation),A,Annual,I_ILT12,Last internet use: in the last 12 months,PC_IND,Percentage of individuals,2024,,DE,Germany,Y25_54_DIS_LTD,"Individuals aged 25 to 54 with disability (activity limitation) - limited, but not severely",96.19,,,,,
dataflow,ESTAT:DSB_ICTIU01(1.0),Persons using the internet in the past 12 months by level of disability (activity limitation),A,Annual,I_ILT12,Last internet use: in the last 12 months,PC_IND,Percentage of individuals,2024,,DE,Germany,Y25_54_DIS_LTD_SEV,Individuals aged 25 to 54 with disability (activity limitation) - limited or severely limited,94.29,,,,,
dataflow,ESTAT:DSB_ICTIU01(1.0),Persons using the internet in the past 12 months by level of disability (activity limitation),A,Annual,I_ILT12,Last internet use: in the last 12 months,PC_IND,Percentage of individuals,2024,,DE,Germany,Y25_54_DIS_NONE,Individuals aged 25 to 54 with disability (activity limitation) - not limited at all,97.24,,,,,
dataflow,ESTAT:DSB_ICTIU01(1.0),Persons using the internet in the past 12 months by level of disability (activity limitation),A,Annual,I_ILT12,Last internet use: in the last 12 months,PC_IND,Percentage of individuals,2024,,DE,Germany,Y25_54_DIS_SEV,Individuals aged 25 to 54 with disability (activity limitation) - severely limited,90.78,,,,,
dataflow,ESTAT:DSB_ICTIU01(1.0),Persons using the internet in the past 12 months by level of disability (activity limitation),A,Annual,I_ILT12,Last internet use: in the last 12 months,PC_IND,Percentage of individuals,2024,,DE,Germany,Y55_74_DIS_LTD,"Individuals aged 55 to 74 with disability (activity limitation) - limited, but not severely",87.11,,,,,
dataflow,ESTAT:DSB_ICTIU01(1.0),Persons using the internet in the past 12 months by level of disability (activity limitation),A,Annual,I_ILT12,Last internet use: in the last 12 months,PC_IND,Percentage of individuals,2024,,DE,Germany,Y55_74_DIS_LTD_SEV,Individuals aged 55 to 74 with disability (activity limitation) - limited or severely limited,84.88,,,,,
dataflow,ESTAT:DSB_ICTIU01(1.0),Persons using the internet in the past 12 months by level of disability (activity limitation),A,Annual,I_ILT12,Last internet use: in the last 12 months,PC_IND,Percentage of individuals,2024,,DE,Germany,Y55_74_DIS_NONE,Individuals aged 55 to 74 with disability (activity limitation) - not limited at all,91.66,,,,,
dataflow,ESTAT:DSB_ICTIU01(1.0),Persons using the internet in the past 12 months by level of disability (activity limitation),A,Annual,I_ILT12,Last internet use: in the last 12 months,PC_IND,Percentage of individuals,2024,,DE,Germany,Y55_74_DIS_SEV,Individuals aged 55 to 74 with disability (activity limitation) - severely limited,80.70,,,,,
dataflow,ESTAT:DSB_ICTIU01(1.0),Persons using the internet in the past 12 months by level of disability (activity limitation),A,Annual,I_ILT12,Last internet use: in the last 12 months,PC_IND,Percentage of individuals,2024,,ES,Spain,DIS_LTD,"Disability (activity limitation) - limited, but not severely",92.62,,,,,
dataflow,ESTAT:DSB_ICTIU01(1.0),Persons using the internet in the past 12 months by level of disability (activity limitation),A,Annual,I_ILT12,Last internet use: in the last 12 months,PC_IND,Percentage of individuals,2024,,ES,Spain,DIS_LTD_SEV,Disability (activity limitation) - limited or severely limited,90.69,,,,,
dataflow,ESTAT:DSB_ICTIU01(1.0),Persons using the internet in the past 12 months by level of disability (activity limitation),A,Annual,I_ILT12,Last internet use: in the last 12 months,PC_IND,Percentage of individuals,2024,,ES,Spain,DIS_NONE,Disability (activity limitation) - not limited at all,97.56,,,,,
dataflow,ESTAT:DSB_ICTIU01(1.0),Persons using the internet in the past 12 months by level of disability (activity limitation),A,Annual,I_ILT12,Last internet use: in the last 12 months,PC_IND,Percentage of individuals,2024,,ES,Spain,DIS_SEV,Disability (activity limitation) - severely limited,79.30,,,,,
dataflow,ESTAT:DSB_ICTIU01(1.0),Persons using the internet in the past 12 months by level of disability (activity limitation),A,Annual,I_ILT12,Last internet use: in the last 12 months,PC_IND,Percentage of individuals,2024,,ES,Spain,F_DIS_LTD,"Females with disability (activity limitation) - limited, but not severely",93.14,,,,,
dataflow,ESTAT:DSB_ICTIU01(1.0),Persons using the internet in the past 12 months by level of disability (activity limitation),A,Annual,I_ILT12,Last internet use: in the last 12 months,PC_IND,Percentage of individuals,2024,,ES,Spain,F_DIS_LTD_SEV,Females with disability (activity limitation) - limited or severely limited,90.69,,,,,
dataflow,ESTAT:DSB_ICTIU01(1.0),Persons using the internet in the past 12 months by level of disability (activity limitation),A,Annual,I_ILT12,Last internet use: in the last 12 months,PC_IND,Percentage of individuals,2024,,ES,Spain,F_DIS_NONE,Females with disability (activity limitation) - not limited at all,97.98,,,,,
dataflow,ESTAT:DSB_ICTIU01(1.0),Persons using the internet in the past 12 months by level of disability (activity limitation),A,Annual,I_ILT12,Last internet use: in the last 12 months,PC_IND,Percentage of individuals,2024,,ES,Spain,F_DIS_SEV,Females with disability (activity limitation) - severely limited,73.91,,,,,
dataflow,ESTAT:DSB_ICTIU01(1.0),Persons using the internet in the past 12 months by level of disability (activity limitation),A,Annual,I_ILT12,Last internet use: in the last 12 months,PC_IND,Percentage of individuals,2024,,ES,Spain,M_DIS_LTD,"Males with disability (activity limitation) - limited, but not severely",92.04,,,,,
dataflow,ESTAT:DSB_ICTIU01(1.0),Persons using the internet in the past 12 months by level of disability (activity limitation),A,Annual,I_ILT12,Last internet use: in the last 12 months,PC_IND,Percentage of individuals,2024,,ES,Spain,M_DIS_LTD_SEV,Males with disability (activity limitation) - limited or severely limited,90.69,,,,,
dataflow,ESTAT:DSB_ICTIU01(1.0),Persons using the internet in the past 12 months by level of disability (activity limitation),A,Annual,I_ILT12,Last internet use: in the last 12 months,PC_IND,Percentage of individuals,2024,,ES,Spain,M_DIS_NONE,Males with disability (activity limitation) - not limited at all,97.14,,,,,
dataflow,ESTAT:DSB_ICTIU01(1.0),Persons using the internet in the past 12 months by level of disability (activity limitation),A,Annual,I_ILT12,Last internet use: in the last 12 months,PC_IND,Percentage of individuals,2024,,ES,Spain,M_DIS_SEV,Males with disability (activity limitation) - severely limited,83.83,,,,,
dataflow,ESTAT:DSB_ICTIU01(1.0),Persons using the internet in the past 12 months by level of disability (activity limitation),A,Annual,I_ILT12,Last internet use: in the last 12 months,PC_IND,Percentage of individuals,2024,,ES,Spain,Y16_24_DIS_LTD,"Individuals aged 16 to 24 with disability (activity limitation) - limited, but not severely",98.01,,,,,
dataflow,ESTAT:DSB_ICTIU01(1.0),Persons using the internet in the past 12 months by level of disability (activity limitation),A,Annual,I_ILT12,Last internet use: in the last 12 months,PC_IND,Percentage of individuals,2024,,ES,Spain,Y16_24_DIS_LTD_SEV,Individuals aged 16 to 24 with disability (activity limitation) - limited or severely limited,98.04,,,,,
dataflow,ESTAT:DSB_ICTIU01(1.0),Persons using the internet in the past 12 months by level of disability (activity limitation),A,Annual,I_ILT12,Last internet use: in the last 12 months,PC_IND,Percentage of individuals,2024,,ES,Spain,Y16_24_DIS_NONE,Individuals aged 16 to 24 with disability (activity limitation) - not limited at all,99.96,,,,,
dataflow,ESTAT:DSB_ICTIU01(1.0),Persons using the internet in the past 12 months by level of disability (activity limitation),A,Annual,I_ILT12,Last internet use: in the last 12 months,PC_IND,Percentage of individuals,2024,,ES,Spain,Y16_24_DIS_SEV,Individuals aged 16 to 24 with disability (activity limitation) - severely limited,,,u,low reliability,,
dataflow,ESTAT:DSB_ICTIU01(1.0),Persons using the internet in the past 12 months by level of disability (activity limitation),A,Annual,I_ILT12,Last internet use: in the last 12 months,PC_IND,Percentage of individuals,2024,,ES,Spain,Y25_54_DIS_LTD,"Individuals aged 25 to 54 with disability (activity limitation) - limited, but not severely",97.01,,,,,
dataflow,ESTAT:DSB_ICTIU01(1.0),Persons using the internet in the past 12 months by level of disability (activity limitation),A,Annual,I_ILT12,Last internet use: in the last 12 months,PC_IND,Percentage of individuals,2024,,ES,Spain,Y25_54_DIS_LTD_SEV,Individuals aged 25 to 54 with disability (activity limitation) - limited or severely limited,95.13,,,,,
dataflow,ESTAT:DSB_ICTIU01(1.0),Persons using the internet in the past 12 months by level of disability (activity limitation),A,Annual,I_ILT12,Last internet use: in the last 12 months,PC_IND,Percentage of individuals,2024,,ES,Spain,Y25_54_DIS_NONE,Individuals aged 25 to 54 with disability (activity limitation) - not limited at all,99.26,,,,,
dataflow,ESTAT:DSB_ICTIU01(1.0),Persons using the internet in the past 12 months by level of disability (activity limitation),A,Annual,I_ILT12,Last internet use: in the last 12 months,PC_IND,Percentage of individuals,2024,,ES,Spain,Y25_54_DIS_SEV,Individuals aged 25 to 54 with disability (activity limitation) - severely limited,82.31,,,,,
dataflow,ESTAT:DSB_ICTIU01(1.0),Persons using the internet in the past 12 months by level of disability (activity limitation),A,Annual,I_ILT12,Last internet use: in the last 12 months,PC_IND,Percentage of individuals,2024,,ES,Spain,Y55_74_DIS_LTD,"Individuals aged 55 to 74 with disability (activity limitation) - limited, but not severely",88.71,,,,,
dataflow,ESTAT:DSB_ICTIU01(1.0),Persons using the internet in the past 12 months by level of disability (activity limitation),A,Annual,I_ILT12,Last internet use: in the last 12 months,PC_IND,Percentage of individuals,2024,,ES,Spain,Y55_74_DIS_LTD_SEV,Individuals aged 55 to 74 with disability (activity limitation) - limited or severely limited,86.76,,,,,
dataflow,ESTAT:DSB_ICTIU01(1.0),Persons using the internet in the past 12 months by level of disability (activity limitation),A,Annual,I_ILT12,Last internet use: in the last 12 months,PC_IND,Percentage of individuals,2024,,ES,Spain,Y55_74_DIS_NONE,Individuals aged 55 to 74 with disability (activity limitation) - not limited at all,92.78,,,,,
dataflow,ESTAT:DSB_ICTIU01(1.0),Persons using the internet in the past 12 months by level of disability (activity limitation),A,Annual,I_ILT12,Last internet use: in the last 12 months,PC_IND,Percentage of individuals,2024,,ES,Spain,Y55_74_DIS_SEV,Individuals aged 55 to 74 with disability (activity limitation) - severely limited,76.85,,,,,
dataflow,ESTAT:DSB_ICTIU01(1.0),Persons using the internet in the past 12 months by level of disability (activity limitation),A,Annual,I_ILT12,Last internet use: in the last 12 months,PC_IND,Percentage of individuals,2024,,EU27_2020,European Union - 27 countries (from 2020),DIS_LTD,"Disability (activity limitation) - limited, but not severely",89.04,,,,,
dataflow,ESTAT:DSB_ICTIU01(1.0),Persons using the internet in the past 12 months by level of disability (activity limitation),A,Annual,I_ILT12,Last internet use: in the last 12 months,PC_IND,Percentage of individuals,2024,,EU27_2020,European Union - 27 countries (from 2020),DIS_LTD_SEV,Disability (activity limitation) - limited or severely limited,87.18,,,,,
dataflow,ESTAT:DSB_ICTIU01(1.0),Persons using the internet in the past 12 months by level of disability (activity limitation),A,Annual,I_ILT12,Last internet use: in the last 12 months,PC_IND,Percentage of individuals,2024,,EU27_2020,European Union - 27 countries (from 2020),DIS_NONE,Disability (activity limitation) - not limited at all,95.22,,,,,
dataflow,ESTAT:DSB_ICTIU01(1.0),Persons using the internet in the past 12 months by level of disability (activity limitation),A,Annual,I_ILT12,Last internet use: in the last 12 months,PC_IND,Percentage of individuals,2024,,EU27_2020,European Union - 27 countries (from 2020),DIS_SEV,Disability (activity limitation) - severely limited,82.29,,,,,
dataflow,ESTAT:DSB_ICTIU01(1.0),Persons using the internet in the past 12 months by level of disability (activity limitation),A,Annual,I_ILT12,Last internet use: in the last 12 months,PC_IND,Percentage of individuals,2024,,EU27_2020,European Union - 27 countries (from 2020),F_DIS_LTD,"Females with disability (activity limitation) - limited, but not severely",88.63,,,,,
dataflow,ESTAT:DSB_ICTIU01(1.0),Persons using the internet in the past 12 months by level of disability (activity limitation),A,Annual,I_ILT12,Last internet use: in the last 12 months,PC_IND,Percentage of individuals,2024,,EU27_2020,European Union - 27 countries (from 2020),F_DIS_LTD_SEV,Females with disability (activity limitation) - limited or severely limited,87.08,,,,,
dataflow,ESTAT:DSB_ICTIU01(1.0),Persons using the internet in the past 12 months by level of disability (activity limitation),A,Annual,I_ILT12,Last internet use: in the last 12 months,PC_IND,Percentage of individuals,2024,,EU27_2020,European Union - 27 countries (from 2020),F_DIS_NONE,Females with disability (activity limitation) - not limited at all,95.08,,,,,
dataflow,ESTAT:DSB_ICTIU01(1.0),Persons using the internet in the past 12 months by level of disability (activity limitation),A,Annual,I_ILT12,Last internet use: in the last 12 months,PC_IND,Percentage of individuals,2024,,EU27_2020,European Union - 27 countries (from 2020),F_DIS_SEV,Females with disability (activity limitation) - severely limited,82.93,,,,,
dataflow,ESTAT:DSB_ICTIU01(1.0),Persons using the internet in the past 12 months by level of disability (activity limitation),A,Annual,I_ILT12,Last internet use: in the last 12 months,PC_IND,Percentage of individuals,2024,,EU27_2020,European Union - 27 countries (from 2020),M_DIS_LTD,"Males with disability (activity limitation) - limited, but not severely",89.53,,,,,
dataflow,ESTAT:DSB_ICTIU01(1.0),Persons using the internet in the past 12 months by level of disability (activity limitation),A,Annual,I_ILT12,Last internet use: in the last 12 months,PC_IND,Percentage of individuals,2024,,EU27_2020,European Union - 27 countries (from 2020),M_DIS_LTD_SEV,Males with disability (activity limitation) - limited or severely limited,87.29,,,,,
dataflow,ESTAT:DSB_ICTIU01(1.0),Persons using the internet in the past 12 months by level of disability (activity limitation),A,Annual,I_ILT12,Last internet use: in the last 12 months,PC_IND,Percentage of individuals,2024,,EU27_2020,European Union - 27 countries (from 2020),M_DIS_NONE,Males with disability (activity limitation) - not limited at all,95.35,,,,,
dataflow,ESTAT:DSB_ICTIU01(1.0),Persons using the internet in the past 12 months by level of disability (activity limitation),A,Annual,I_ILT12,Last internet use: in the last 12 months,PC_IND,Percentage of individuals,2024,,EU27_2020,European Union - 27 countries (from 2020),M_DIS_SEV,Males with disability (activity limitation) - severely limited,81.54,,,,,
dataflow,ESTAT:DSB_ICTIU01(1.0),Persons using the internet in the past 12 months by level of disability (activity limitation),A,Annual,I_ILT12,Last internet use: in the last 12 months,PC_IND,Percentage of individuals,2024,,EU27_2020,European Union - 27 countries (from 2020),Y16_24_DIS_LTD,"Individuals aged 16 to 24 with disability (activity limitation) - limited, but not severely",99.14,,,,,
dataflow,ESTAT:DSB_ICTIU01(1.0),Persons using the internet in the past 12 months by level of disability (activity limitation),A,Annual,I_ILT12,Last internet use: in the last 12 months,PC_IND,Percentage of individuals,2024,,EU27_2020,European Union - 27 countries (from 2020),Y16_24_DIS_LTD_SEV,Individuals aged 16 to 24 with disability (activity limitation) - limited or severely limited,96.60,,,,,
dataflow,ESTAT:DSB_ICTIU01(1.0),Persons using the internet in the past 12 months by level of disability (activity limitation),A,Annual,I_ILT12,Last internet use: in the last 12 months,PC_IND,Percentage of individuals,2024,,EU27_2020,European Union - 27 countries (from 2020),Y16_24_DIS_NONE,Individuals aged 16 to 24 with disability (activity limitation) - not limited at all,99.22,,,,,
dataflow,ESTAT:DSB_ICTIU01(1.0),Persons using the internet in the past 12 months by level of disability (activity limitation),A,Annual,I_ILT12,Last internet use: in the last 12 months,PC_IND,Percentage of individuals,2024,,EU27_2020,European Union - 27 countries (from 2020),Y16_24_DIS_SEV,Individuals aged 16 to 24 with disability (activity limitation) - severely limited,88.55,,,,,
dataflow,ESTAT:DSB_ICTIU01(1.0),Persons using the internet in the past 12 months by level of disability (activity limitation),A,Annual,I_ILT12,Last internet use: in the last 12 months,PC_IND,Percentage of individuals,2024,,EU27_2020,European Union - 27 countries (from 2020),Y25_54_DIS_LTD,"Individuals aged 25 to 54 with disability (activity limitation) - limited, but not severely",96.95,,,,,
dataflow,ESTAT:DSB_ICTIU01(1.0),Persons using the internet in the past 12 months by level of disability (activity limitation),A,Annual,I_ILT12,Last internet use: in the last 12 months,PC_IND,Percentage of individuals,2024,,EU27_2020,European Union - 27 countries (from 2020),Y25_54_DIS_LTD_SEV,Individuals aged 25 to 54 with disability (activity limitation) - limited or severely limited,94.85,,,,,
dataflow,ESTAT:DSB_ICTIU01(1.0),Persons using the internet in the past 12 months by level of disability (activity limitation),A,Annual,I_ILT12,Last internet use: in the last 12 months,PC_IND,Percentage of individuals,2024,,EU27_2020,European Union - 27 countries (from 2020),Y25_54_DIS_NONE,Individuals aged 25 to 54 with disability (activity limitation) - not limited at all,97.99,,,,,
dataflow,ESTAT:DSB_ICTIU01(1.0),Persons using the internet in the past 12 months by level of disability (activity limitation),A,Annual,I_ILT12,Last internet use: in the last 12 months,PC_IND,Percentage of individuals,2024,,EU27_2020,European Union - 27 countries (from 2020),Y25_54_DIS_SEV,Individuals aged 25 to 54 with disability (activity limitation) - severely limited,89.75,,,,,
dataflow,ESTAT:DSB_ICTIU01(1.0),Persons using the internet in the past 12 months by level of disability (activity limitation),A,Annual,I_ILT12,Last internet use: in the last 12 months,PC_IND,Percentage of individuals,2024,,EU27_2020,European Union - 27 countries (from 2020),Y55_74_DIS_LTD,"Individuals aged 55 to 74 with disability (activity limitation) - limited, but not severely",82.74,,,,,
dataflow,ESTAT:DSB_ICTIU01(1.0),Persons using the internet in the past 12 months by level of disability (activity limitation),A,Annual,I_ILT12,Last internet use: in the last 12 months,PC_IND,Percentage of individuals,2024,,EU27_2020,European Union - 27 countries (from 2020),Y55_74_DIS_LTD_SEV,Individuals aged 55 to 74 with disability (activity limitation) - limited or severely limited,80.98,,,,,
dataflow,ESTAT:DSB_ICTIU01(1.0),Persons using the internet in the past 12 months by level of disability (activity limitation),A,Annual,I_ILT12,Last internet use: in the last 12 months,PC_IND,Percentage of individuals,2024,,EU27_2020,European Union - 27 countries (from 2020),Y55_74_DIS_NONE,Individuals aged 55 to 74 with disability (activity limitation) - not limited at all,88.01,,,,,
dataflow,ESTAT:DSB_ICTIU01(1.0),Persons using the internet in the past 12 months by level of disability (activity limitation),A,Annual,I_ILT12,Last internet use: in the last 12 months,PC_IND,Percentage of individuals,2024,,EU27_2020,European Union - 27 countries (from 2020),Y55_74_DIS_SEV,Individuals aged 55 to 74 with disability (activity limitation) - severely limited,76.21,,,,,
dataflow,ESTAT:DSB_ICTIU01(1.0),Persons using the internet in the past 12 months by level of disability (activity limitation),A,Annual,I_ILT12,Last internet use: in the last 12 months,PC_IND,Percentage of individuals,2024,,FR,France,DIS_LTD,"Disability (activity limitation) - limited, but not severely",94.00,,,,,
dataflow,ESTAT:DSB_ICTIU01(1.0),Persons using the internet in the past 12 months by level of disability (activity limitation),A,Annual,I_ILT12,Last internet use: in the last 12 months,PC_IND,Percentage of individuals,2024,,FR,France,DIS_LTD_SEV,Disability (activity limitation) - limited or severely limited,91.15,,,,,
dataflow,ESTAT:DSB_ICTIU01(1.0),Persons using the internet in the past 12 months by level of disability (activity limitation),A,Annual,I_ILT12,Last internet use: in the last 12 months,PC_IND,Percentage of individuals,2024,,FR,France,DIS_NONE,Disability (activity limitation) - not limited at all,96.24,,,,,
dataflow,ESTAT:DSB_ICTIU01(1.0),Persons using the internet in the past 12 months by level of disability (activity limitation),A,Annual,I_ILT12,Last internet use: in the last 12 months,PC_IND,Percentage of individuals,2024,,FR,France,DIS_SEV,Disability (activity limitation) - severely limited,86.88,,,,,
dataflow,ESTAT:DSB_ICTIU01(1.0),Persons using the internet in the past 12 months by level of disability (activity limitation),A,Annual,I_ILT12,Last internet use: in the last 12 months,PC_IND,Percentage of individuals,2024,,FR,France,F_DIS_LTD,"Females with disability (activity limitation) - limited, but not severely",95.04,,,,,
dataflow,ESTAT:DSB_ICTIU01(1.0),Persons using the internet in the past 12 months by level of disability (activity limitation),A,Annual,I_ILT12,Last internet use: in the last 12 months,PC_IND,Percentage of individuals,2024,,FR,France,F_DIS_LTD_SEV,Females with disability (activity limitation) - limited or severely limited,92.68,,,,,
dataflow,ESTAT:DSB_ICTIU01(1.0),Persons using the internet in the past 12 months by level of disability (activity limitation),A,Annual,I_ILT12,Last internet use: in the last 12 months,PC_IND,Percentage of individuals,2024,,FR,France,F_DIS_NONE,Females with disability (activity limitation) - not limited at all,96.44,,,,,
dataflow,ESTAT:DSB_ICTIU01(1.0),Persons using the internet in the past 12 months by level of disability (activity limitation),A,Annual,I_ILT12,Last internet use: in the last 12 months,PC_IND,Percentage of individuals,2024,,FR,France,F_DIS_SEV,Females with disability (activity limitation) - severely limited,89.28,,,,,
dataflow,ESTAT:DSB_ICTIU01(1.0),Persons using the internet in the past 12 months by level of disability (activity limitation),A,Annual,I_ILT12,Last internet use: in the last 12 months,PC_IND,Percentage of individuals,2024,,FR,France,M_DIS_LTD,"Males with disability (activity limitation) - limited, but not severely",92.61,,,,,
dataflow,ESTAT:DSB_ICTIU01(1.0),Persons using the internet in the past 12 months by level of disability (activity limitation),A,Annual,I_ILT12,Last internet use: in the last 12 months,PC_IND,Percentage of individuals,2024,,FR,France,M_DIS_LTD_SEV,Males with disability (activity limitation) - limited or severely limited,89.03,,,,,
dataflow,ESTAT:DSB_ICTIU01(1.0),Persons using the internet in the past 12 months by level of disability (activity limitation),A,Annual,I_ILT12,Last internet use: in the last 12 months,PC_IND,Percentage of individuals,2024,,FR,France,M_DIS_NONE,Males with disability (activity limitation) - not limited at all,96.04,,,,,
dataflow,ESTAT:DSB_ICTIU01(1.0),Persons using the internet in the past 12 months by level of disability (activity limitation),A,Annual,I_ILT12,Last internet use: in the last 12 months,PC_IND,Percentage of individuals,2024,,FR,France,M_DIS_SEV,Males with disability (activity limitation) - severely limited,83.30,,,,,
dataflow,ESTAT:DSB_ICTIU01(1.0),Persons using the internet in the past 12 months by level of disability (activity limitation),A,Annual,I_ILT12,Last internet use: in the last 12 months,PC_IND,Percentage of individuals,2024,,FR,France,Y16_24_DIS_LTD,"Individuals aged 16 to 24 with disability (activity limitation) - limited, but not severely",99.51,,u,low reliability,,
dataflow,ESTAT:DSB_ICTIU01(1.0),Persons using the internet in the past 12 months by level of disability (activity limitation),A,Annual,I_ILT12,Last internet use: in the last 12 months,PC_IND,Percentage of individuals,2024,,FR,France,Y16_24_DIS_LTD_SEV,Individuals aged 16 to 24 with disability (activity limitation) - limited or severely limited,96.84,,,,,
dataflow,ESTAT:DSB_ICTIU01(1.0),Persons using the internet in the past 12 months by level of disability (activity limitation),A,Annual,I_ILT12,Last internet use: in the last 12 months,PC_IND,Percentage of individuals,2024,,FR,France,Y16_24_DIS_NONE,Individuals aged 16 to 24 with disability (activity limitation) - not limited at all,99.18,,,,,
dataflow,ESTAT:DSB_ICTIU01(1.0),Persons using the internet in the past 12 months by level of disability (activity limitation),A,Annual,I_ILT12,Last internet use: in the last 12 months,PC_IND,Percentage of individuals,2024,,FR,France,Y16_24_DIS_SEV,Individuals aged 16 to 24 with disability (activity limitation) - severely limited,,,u,low reliability,,
dataflow,ESTAT:DSB_ICTIU01(1.0),Persons using the internet in the past 12 months by level of disability (activity limitation),A,Annual,I_ILT12,Last internet use: in the last 12 months,PC_IND,Percentage of individuals,2024,,FR,France,Y25_54_DIS_LTD,"Individuals aged 25 to 54 with disability (activity limitation) - limited, but not severely",98.06,,,,,
dataflow,ESTAT:DSB_ICTIU01(1.0),Persons using the internet in the past 12 months by level of disability (activity limitation),A,Annual,I_ILT12,Last internet use: in the last 12 months,PC_IND,Percentage of individuals,2024,,FR,France,Y25_54_DIS_LTD_SEV,Individuals aged 25 to 54 with disability (activity limitation) - limited or severely limited,96.53,,,,,
dataflow,ESTAT:DSB_ICTIU01(1.0),Persons using the internet in the past 12 months by level of disability (activity limitation),A,Annual,I_ILT12,Last internet use: in the last 12 months,PC_IND,Percentage of individuals,2024,,FR,France,Y25_54_DIS_NONE,Individuals aged 25 to 54 with disability (activity limitation) - not limited at all,97.81,,,,,
dataflow,ESTAT:DSB_ICTIU01(1.0),Persons using the internet in the past 12 months by level of disability (activity limitation),A,Annual,I_ILT12,Last internet use: in the last 12 months,PC_IND,Percentage of individuals,2024,,FR,France,Y25_54_DIS_SEV,Individuals aged 25 to 54 with disability (activity limitation) - severely limited,94.31,,,,,
dataflow,ESTAT:DSB_ICTIU01(1.0),Persons using the internet in the past 12 months by level of disability (activity limitation),A,Annual,I_ILT12,Last internet use: in the last 12 months,PC_IND,Percentage of individuals,2024,,FR,France,Y55_74_DIS_LTD,"Individuals aged 55 to 74 with disability (activity limitation) - limited, but not severely",89.31,,,,,
dataflow,ESTAT:DSB_ICTIU01(1.0),Persons using the internet in the past 12 months by level of disability (activity limitation),A,Annual,I_ILT12,Last internet use: in the last 12 months,PC_IND,Percentage of individuals,2024,,FR,France,Y55_74_DIS_LTD_SEV,Individuals aged 55 to 74 with disability (activity limitation) - limited or severely limited,85.59,,,,,
dataflow,ESTAT:DSB_ICTIU01(1.0),Persons using the internet in the past 12 months by level of disability (activity limitation),A,Annual,I_ILT12,Last internet use: in the last 12 months,PC_IND,Percentage of individuals,2024,,FR,France,Y55_74_DIS_NONE,Individuals aged 55 to 74 with disability (activity limitation) - not limited at all,91.69,,,,,
dataflow,ESTAT:DSB_ICTIU01(1.0),Persons using the internet in the past 12 months by level of disability (activity limitation),A,Annual,I_ILT12,Last internet use: in the last 12 months,PC_IND,Percentage of individuals,2024,,FR,France,Y55_74_DIS_SEV,Individuals aged 55 to 74 with disability (activity limitation) - severely limited,80.37,,,,,
dataflow,ESTAT:DSB_ICTIU01(1.0),Persons using the internet in the past 12 months by level of disability (activity limitation),A,Annual,I_ILT12,Last internet use: in the last 12 months,PC_IND,Percentage of individuals,2024,,IT,Italy,DIS_LTD,"Disability (activity limitation) - limited, but not severely",85.75,,,,,
dataflow,ESTAT:DSB_ICTIU01(1.0),Persons using the internet in the past 12 months by level of disability (activity limitation),A,Annual,I_ILT12,Last internet use: in the last 12 months,PC_IND,Percentage of individuals,2024,,IT,Italy,DIS_LTD_SEV,Disability (activity limitation) - limited or severely limited,83.68,,,,,
dataflow,ESTAT:DSB_ICTIU01(1.0),Persons using the internet in the past 12 months by level of disability (activity limitation),A,Annual,I_ILT12,Last internet use: in the last 12 months,PC_IND,Percentage of individuals,2024,,IT,Italy,DIS_NONE,Disability (activity limitation) - not limited at all,92.88,,,,,
dataflow,ESTAT:DSB_ICTIU01(1.0),Persons using the internet in the past 12 months by level of disability (activity limitation),A,Annual,I_ILT12,Last internet use: in the last 12 months,PC_IND,Percentage of individuals,2024,,IT,Italy,DIS_SEV,Disability (activity limitation) - severely limited,74.61,,,,,
dataflow,ESTAT:DSB_ICTIU01(1.0),Persons using the internet in the past 12 months by level of disability (activity limitation),A,Annual,I_ILT12,Last internet use: in the last 12 months,PC_IND,Percentage of individuals,2024,,IT,Italy,F_DIS_LTD,"Females with disability (activity limitation) - limited, but not severely",84.15,,,,,
dataflow,ESTAT:DSB_ICTIU01(1.0),Persons using the internet in the past 12 months by level of disability (activity limitation),A,Annual,I_ILT12,Last internet use: in the last 12 months,PC_IND,Percentage of individuals,2024,,IT,Italy,F_DIS_LTD_SEV,Females with disability (activity limitation) - limited or severely limited,82.58,,,,,
dataflow,ESTAT:DSB_ICTIU01(1.0),Persons using the internet in the past 12 months by level of disability (activity limitation),A,Annual,I_ILT12,Last internet use: in the last 12 months,PC_IND,Percentage of individuals,2024,,IT,Italy,F_DIS_NONE,Females with disability (activity limitation) - not limited at all,92.30,,,,,
dataflow,ESTAT:DSB_ICTIU01(1.0),Persons using the internet in the past 12 months by level of disability (activity limitation),A,Annual,I_ILT12,Last internet use: in the last 12 months,PC_IND,Percentage of individuals,2024,,IT,Italy,F_DIS_SEV,Females with disability (activity limitation) - severely limited,75.03,,,,,
dataflow,ESTAT:DSB_ICTIU01(1.0),Persons using the internet in the past 12 months by level of disability (activity limitation),A,Annual,I_ILT12,Last internet use: in the last 12 months,PC_IND,Percentage of individuals,2024,,IT,Italy,M_DIS_LTD,"Males with disability (activity limitation) - limited, but not severely",87.67,,,,,
dataflow,ESTAT:DSB_ICTIU01(1.0),Persons using the internet in the past 12 months by level of disability (activity limitation),A,Annual,I_ILT12,Last internet use: in the last 12 months,PC_IND,Percentage of individuals,2024,,IT,Italy,M_DIS_LTD_SEV,Males with disability (activity limitation) - limited or severely limited,84.97,,,,,
dataflow,ESTAT:DSB_ICTIU01(1.0),Persons using the internet in the past 12 months by level of disability (activity limitation),A,Annual,I_ILT12,Last internet use: in the last 12 months,PC_IND,Percentage of individuals,2024,,IT,Italy,M_DIS_NONE,Males with disability (activity limitation) - not limited at all,93.45,,,,,
dataflow,ESTAT:DSB_ICTIU01(1.0),Persons using the internet in the past 12 months by level of disability (activity limitation),A,Annual,I_ILT12,Last internet use: in the last 12 months,PC_IND,Percentage of individuals,2024,,IT,Italy,M_DIS_SEV,Males with disability (activity limitation) - severely limited,74.20,,,,,
dataflow,ESTAT:DSB_ICTIU01(1.0),Persons using the internet in the past 12 months by level of disability (activity limitation),A,Annual,I_ILT12,Last internet use: in the last 12 months,PC_IND,Percentage of individuals,2024,,IT,Italy,Y16_24_DIS_LTD,"Individuals aged 16 to 24 with disability (activity limitation) - limited, but not severely",97.27,,,,,
dataflow,ESTAT:DSB_ICTIU01(1.0),Persons using the internet in the past 12 months by level of disability (activity limitation),A,Annual,I_ILT12,Last internet use: in the last 12 months,PC_IND,Percentage of individuals,2024,,IT,Italy,Y16_24_DIS_LTD_SEV,Individuals aged 16 to 24 with disability (activity limitation) - limited or severely limited,96.94,,,,,
dataflow,ESTAT:DSB_ICTIU01(1.0),Persons using the internet in the past 12 months by level of disability (activity limitation),A,Annual,I_ILT12,Last internet use: in the last 12 months,PC_IND,Percentage of individuals,2024,,IT,Italy,Y16_24_DIS_NONE,Individuals aged 16 to 24 with disability (activity limitation) - not limited at all,98.84,,,,,
dataflow,ESTAT:DSB_ICTIU01(1.0),Persons using the internet in the past 12 months by level of disability (activity limitation),A,Annual,I_ILT12,Last internet use: in the last 12 months,PC_IND,Percentage of individuals,2024,,IT,Italy,Y16_24_DIS_SEV,Individuals aged 16 to 24 with disability (activity limitation) - severely limited,95.30,,u,low reliability,,
dataflow,ESTAT:DSB_ICTIU01(1.0),Persons using the internet in the past 12 months by level of disability (activity limitation),A,Annual,I_ILT12,Last internet use: in the last 12 months,PC_IND,Percentage of individuals,2024,,IT,Italy,Y25_54_DIS_LTD,"Individuals aged 25 to 54 with disability (activity limitation) - limited, but not severely",95.76,,,,,
dataflow,ESTAT:DSB_ICTIU01(1.0),Persons using the internet in the past 12 months by level of disability (activity limitation),A,Annual,I_ILT12,Last internet use: in the last 12 months,PC_IND,Percentage of individuals,2024,,IT,Italy,Y25_54_DIS_LTD_SEV,Individuals aged 25 to 54 with disability (activity limitation) - limited or severely limited,93.49,,,,,
dataflow,ESTAT:DSB_ICTIU01(1.0),Persons using the internet in the past 12 months by level of disability (activity limitation),A,Annual,I_ILT12,Last internet use: in the last 12 months,PC_IND,Percentage of individuals,2024,,IT,Italy,Y25_54_DIS_NONE,Individuals aged 25 to 54 with disability (activity limitation) - not limited at all,96.02,,,,,
dataflow,ESTAT:DSB_ICTIU01(1.0),Persons using the internet in the past 12 months by level of disability (activity limitation),A,Annual,I_ILT12,Last internet use: in the last 12 months,PC_IND,Percentage of individuals,2024,,IT,Italy,Y25_54_DIS_SEV,Individuals aged 25 to 54 with disability (activity limitation) - severely limited,82.81,,,,,
dataflow,ESTAT:DSB_ICTIU01(1.0),Persons using the internet in the past 12 months by level of disability (activity limitation),A,Annual,I_ILT12,Last internet use: in the last 12 months,PC_IND,Percentage of individuals,2024,,IT,Italy,Y55_74_DIS_LTD,"Individuals aged 55 to 74 with disability (activity limitation) - limited, but not severely",77.61,,,,,
dataflow,ESTAT:DSB_ICTIU01(1.0),Persons using the internet in the past 12 months by level of disability (activity limitation),A,Annual,I_ILT12,Last internet use: in the last 12 months,PC_IND,Percentage of individuals,2024,,IT,Italy,Y55_74_DIS_LTD_SEV,Individuals aged 55 to 74 with disability (activity limitation) - limited or severely limited,75.72,,,,,
dataflow,ESTAT:DSB_ICTIU01(1.0),Persons using the internet in the past 12 months by level of disability (activity limitation),A,Annual,I_ILT12,Last internet use: in the last 12 months,PC_IND,Percentage of individuals,2024,,IT,Italy,Y55_74_DIS_NONE,Individuals aged 55 to 74 with disability (activity limitation) - not limited at all,84.75,,,,,
dataflow,ESTAT:DSB_ICTIU01(1.0),Persons using the internet in the past 12 months by level of disability (activity limitation),A,Annual,I_ILT12,Last internet use: in the last 12 months,PC_IND,Percentage of individuals,2024,,IT,Italy,Y55_74_DIS_SEV,Individuals aged 55 to 74 with disability (activity limitation) - severely limited,67.85,,,,,
dataflow,ESTAT:DSB_ICTIU01(1.0),Persons using the internet in the past 12 months by level of disability (activity limitation),A,Annual,I_ILT12,Last internet use: in the last 12 months,PC_IND,Percentage of individuals,2024,,LT,Lithuania,DIS_LTD,"Disability (activity limitation) - limited, but not severely",75.91,,,,,
dataflow,ESTAT:DSB_ICTIU01(1.0),Persons using the internet in the past 12 months by level of disability (activity limitation),A,Annual,I_ILT12,Last internet use: in the last 12 months,PC_IND,Percentage of individuals,2024,,LT,Lithuania,DIS_LTD_SEV,Disability (activity limitation) - limited or severely limited,72.65,,,,,
dataflow,ESTAT:DSB_ICTIU01(1.0),Persons using the internet in the past 12 months by level of disability (activity limitation),A,Annual,I_ILT12,Last internet use: in the last 12 months,PC_IND,Percentage of individuals,2024,,LT,Lithuania,DIS_NONE,Disability (activity limitation) - not limited at all,93.31,,,,,
dataflow,ESTAT:DSB_ICTIU01(1.0),Persons using the internet in the past 12 months by level of disability (activity limitation),A,Annual,I_ILT12,Last internet use: in the last 12 months,PC_IND,Percentage of individuals,2024,,LT,Lithuania,DIS_SEV,Disability (activity limitation) - severely limited,57.45,,,,,
dataflow,ESTAT:DSB_ICTIU01(1.0),Persons using the internet in the past 12 months by level of disability (activity limitation),A,Annual,I_ILT12,Last internet use: in the last 12 months,PC_IND,Percentage of individuals,2024,,LT,Lithuania,F_DIS_LTD,"Females with disability (activity limitation) - limited, but not severely",76.34,,,,,
dataflow,ESTAT:DSB_ICTIU01(1.0),Persons using the internet in the past 12 months by level of disability (activity limitation),A,Annual,I_ILT12,Last internet use: in the last 12 months,PC_IND,Percentage of individuals,2024,,LT,Lithuania,F_DIS_LTD_SEV,Females with disability (activity limitation) - limited or severely limited,74.26,,,,,
dataflow,ESTAT:DSB_ICTIU01(1.0),Persons using the internet in the past 12 months by level of disability (activity limitation),A,Annual,I_ILT12,Last internet use: in the last 12 months,PC_IND,Percentage of individuals,2024,,LT,Lithuania,F_DIS_NONE,Females with disability (activity limitation) - not limited at all,94.59,,,,,
dataflow,ESTAT:DSB_ICTIU01(1.0),Persons using the internet in the past 12 months by level of disability (activity limitation),A,Annual,I_ILT12,Last internet use: in the last 12 months,PC_IND,Percentage of individuals,2024,,LT,Lithuania,F_DIS_SEV,Females with disability (activity limitation) - severely limited,62.93,,u,low reliability,,
dataflow,ESTAT:DSB_ICTIU01(1.0),Persons using the internet in the past 12 months by level of disability (activity limitation),A,Annual,I_ILT12,Last internet use: in the last 12 months,PC_IND,Percentage of individuals,2024,,LT,Lithuania,M_DIS_LTD,"Males with disability (activity limitation) - limited, but not severely",75.38,,,,,
dataflow,ESTAT:DSB_ICTIU01(1.0),Persons using the internet in the past 12 months by level of disability (activity limitation),A,Annual,I_ILT12,Last internet use: in the last 12 months,PC_IND,Percentage of individuals,2024,,LT,Lithuania,M_DIS_LTD_SEV,Males with disability (activity limitation) - limited or severely limited,70.79,,,,,
dataflow,ESTAT:DSB_ICTIU01(1.0),Persons using the internet in the past 12 months by level of disability (activity limitation),A,Annual,I_ILT12,Last internet use: in the last 12 months,PC_IND,Percentage of individuals,2024,,LT,Lithuania,M_DIS_NONE,Males with disability (activity limitation) - not limited at all,92.00,,,,,
dataflow,ESTAT:DSB_ICTIU01(1.0),Persons using the internet in the past 12 months by level of disability (activity limitation),A,Annual,I_ILT12,Last internet use: in the last 12 months,PC_IND,Percentage of individuals,2024,,LT,Lithuania,M_DIS_SEV,Males with disability (activity limitation) - severely limited,52.57,,u,low reliability,,
dataflow,ESTAT:DSB_ICTIU01(1.0),Persons using the internet in the past 12 months by level of disability (activity limitation),A,Annual,I_ILT12,Last internet use: in the last 12 months,PC_IND,Percentage of individuals,2024,,LT,Lithuania,Y16_24_DIS_LTD,"Individuals aged 16 to 24 with disability (activity limitation) - limited, but not severely",100.00,,u,low reliability,,
dataflow,ESTAT:DSB_ICTIU01(1.0),Persons using the internet in the past 12 months by level of disability (activity limitation),A,Annual,I_ILT12,Last internet use: in the last 12 months,PC_IND,Percentage of individuals,2024,,LT,Lithuania,Y16_24_DIS_LTD_SEV,Individuals aged 16 to 24 with disability (activity limitation) - limited or severely limited,91.90,,u,low reliability,,
dataflow,ESTAT:DSB_ICTIU01(1.0),Persons using the internet in the past 12 months by level of disability (activity limitation),A,Annual,I_ILT12,Last internet use: in the last 12 months,PC_IND,Percentage of individuals,2024,,LT,Lithuania,Y16_24_DIS_NONE,Individuals aged 16 to 24 with disability (activity limitation) - not limited at all,99.58,,,,,
dataflow,ESTAT:DSB_ICTIU01(1.0),Persons using the internet in the past 12 months by level of disability (activity limitation),A,Annual,I_ILT12,Last internet use: in the last 12 months,PC_IND,Percentage of individuals,2024,,LT,Lithuania,Y16_24_DIS_SEV,Individuals aged 16 to 24 with disability (activity limitation) - severely limited,,,u,low reliability,,
dataflow,ESTAT:DSB_ICTIU01(1.0),Persons using the internet in the past 12 months by level of disability (activity limitation),A,Annual,I_ILT12,Last internet use: in the last 12 months,PC_IND,Percentage of individuals,2024,,LT,Lithuania,Y25_54_DIS_LTD,"Individuals aged 25 to 54 with disability (activity limitation) - limited, but not severely",90.54,,,,,
dataflow,ESTAT:DSB_ICTIU01(1.0),Persons using the internet in the past 12 months by level of disability (activity limitation),A,Annual,I_ILT12,Last internet use: in the last 12 months,PC_IND,Percentage of individuals,2024,,LT,Lithuania,Y25_54_DIS_LTD_SEV,Individuals aged 25 to 54 with disability (activity limitation) - limited or severely limited,88.61,,,,,
dataflow,ESTAT:DSB_ICTIU01(1.0),Persons using the internet in the past 12 months by level of disability (activity limitation),A,Annual,I_ILT12,Last internet use: in the last 12 months,PC_IND,Percentage of individuals,2024,,LT,Lithuania,Y25_54_DIS_NONE,Individuals aged 25 to 54 with disability (activity limitation) - not limited at all,97.88,,,,,
dataflow,ESTAT:DSB_ICTIU01(1.0),Persons using the internet in the past 12 months by level of disability (activity limitation),A,Annual,I_ILT12,Last internet use: in the last 12 months,PC_IND,Percentage of individuals,2024,,LT,Lithuania,Y25_54_DIS_SEV,Individuals aged 25 to 54 with disability (activity limitation) - severely limited,79.64,,u,low reliability,,
dataflow,ESTAT:DSB_ICTIU01(1.0),Persons using the internet in the past 12 months by level of disability (activity limitation),A,Annual,I_ILT12,Last internet use: in the last 12 months,PC_IND,Percentage of individuals,2024,,LT,Lithuania,Y55_74_DIS_LTD,"Individuals aged 55 to 74 with disability (activity limitation) - limited, but not severely",66.35,,,,,
dataflow,ESTAT:DSB_ICTIU01(1.0),Persons using the internet in the past 12 months by level of disability (activity limitation),A,Annual,I_ILT12,Last internet use: in the last 12 months,PC_IND,Percentage of individuals,2024,,LT,Lithuania,Y55_74_DIS_LTD_SEV,Individuals aged 55 to 74 with disability (activity limitation) - limited or severely limited,62.87,,,,,
dataflow,ESTAT:DSB_ICTIU01(1.0),Persons using the internet in the past 12 months by level of disability (activity limitation),A,Annual,I_ILT12,Last internet use: in the last 12 months,PC_IND,Percentage of individuals,2024,,LT,Lithuania,Y55_74_DIS_NONE,Individuals aged 55 to 74 with disability (activity limitation) - not limited at all,80.99,,,,,
dataflow,ESTAT:DSB_ICTIU01(1.0),Persons using the internet in the past 12 months by level of disability (activity limitation),A,Annual,I_ILT12,Last internet use: in the last 12 months,PC_IND,Percentage of individuals,2024,,LT,Lithuania,Y55_74_DIS_SEV,Individuals aged 55 to 74 with disability (activity limitation) - severely limited,46.38,,u,low reliability,,
dataflow,ESTAT:DSB_ICTIU01(1.0),Persons using the internet in the past 12 months by level of disability (activity limitation),A,Annual,I_ILT12,Last internet use: in the last 12 months,PC_IND,Percentage of individuals,2024,,NL,Netherlands,DIS_LTD,"Disability (activity limitation) - limited, but not severely",99.51,,,,,
dataflow,ESTAT:DSB_ICTIU01(1.0),Persons using the internet in the past 12 months by level of disability (activity limitation),A,Annual,I_ILT12,Last internet use: in the last 12 months,PC_IND,Percentage of individuals,2024,,NL,Netherlands,DIS_LTD_SEV,Disability (activity limitation) - limited or severely limited,99.34,,,,,
dataflow,ESTAT:DSB_ICTIU01(1.0),Persons using the internet in the past 12 months by level of disability (activity limitation),A,Annual,I_ILT12,Last internet use: in the last 12 months,PC_IND,Percentage of individuals,2024,,NL,Netherlands,DIS_NONE,Disability (activity limitation) - not limited at all,99.72,,,,,
dataflow,ESTAT:DSB_ICTIU01(1.0),Persons using the internet in the past 12 months by level of disability (activity limitation),A,Annual,I_ILT12,Last internet use: in the last 12 months,PC_IND,Percentage of individuals,2024,,NL,Netherlands,DIS_SEV,Disability (activity limitation) - severely limited,98.67,,,,,
dataflow,ESTAT:DSB_ICTIU01(1.0),Persons using the internet in the past 12 months by level of disability (activity limitation),A,Annual,I_ILT12,Last internet use: in the last 12 months,PC_IND,Percentage of individuals,2024,,NL,Netherlands,F_DIS_LTD,"Females with disability (activity limitation) - limited, but not severely",99.38,,,,,
dataflow,ESTAT:DSB_ICTIU01(1.0),Persons using the internet in the past 12 months by level of disability (activity limitation),A,Annual,I_ILT12,Last internet use: in the last 12 months,PC_IND,Percentage of individuals,2024,,NL,Netherlands,F_DIS_LTD_SEV,Females with disability (activity limitation) - limited or severely limited,99.35,,,,,
dataflow,ESTAT:DSB_ICTIU01(1.0),Persons using the internet in the past 12 months by level of disability (activity limitation),A,Annual,I_ILT12,Last internet use: in the last 12 months,PC_IND,Percentage of individuals,2024,,NL,Netherlands,F_DIS_NONE,Females with disability (activity limitation) - not limited at all,99.57,,,,,
dataflow,ESTAT:DSB_ICTIU01(1.0),Persons using the internet in the past 12 months by level of disability (activity limitation),A,Annual,I_ILT12,Last internet use: in the last 12 months,PC_IND,Percentage of individuals,2024,,NL,Netherlands,F_DIS_SEV,Females with disability (activity limitation) - severely limited,99.23,,,,,
dataflow,ESTAT:DSB_ICTIU01(1.0),Persons using the internet in the past 12 months by level of disability (activity limitation),A,Annual,I_ILT12,Last internet use: in the last 12 months,PC_IND,Percentage of individuals,2024,,NL,Netherlands,M_DIS_LTD,"Males with disability (activity limitation) - limited, but not severely",99.67,,,,,
dataflow,ESTAT:DSB_ICTIU01(1.0),Persons using the internet in the past 12 months by level of disability (activity limitation),A,Annual,I_ILT12,Last internet use: in the last 12 months,PC_IND,Percentage of individuals,2024,,NL,Netherlands,M_DIS_LTD_SEV,Males with disability (activity limitation) - limited or severely limited,99.32,,,,,
dataflow,ESTAT:DSB_ICTIU01(1.0),Persons using the internet in the past 12 months by level of disability (activity limitation),A,Annual,I_ILT12,Last internet use: in the last 12 months,PC_IND,Percentage of individuals,2024,,NL,Netherlands,M_DIS_NONE,Males with disability (activity limitation) - not limited at all,99.85,,,,,
dataflow,ESTAT:DSB_ICTIU01(1.0),Persons using the internet in the past 12 months by level of disability (activity limitation),A,Annual,I_ILT12,Last internet use: in the last 12 months,PC_IND,Percentage of individuals,2024,,NL,Netherlands,M_DIS_SEV,Males with disability (activity limitation) - severely limited,97.99,,,,,
dataflow,ESTAT:DSB_ICTIU01(1.0),Persons using the internet in the past 12 months by level of disability (activity limitation),A,Annual,I_ILT12,Last internet use: in the last 12 months,PC_IND,Percentage of individuals,2024,,NL,Netherlands,Y16_24_DIS_LTD,"Individuals aged 16 to 24 with disability (activity limitation) - limited, but not severely",100.00,,,,,
dataflow,ESTAT:DSB_ICTIU01(1.0),Persons using the internet in the past 12 months by level of disability (activity limitation),A,Annual,I_ILT12,Last internet use: in the last 12 months,PC_IND,Percentage of individuals,2024,,NL,Netherlands,Y16_24_DIS_LTD_SEV,Individuals aged 16 to 24 with disability (activity limitation) - limited or severely limited,100.00,,,,,
dataflow,ESTAT:DSB_ICTIU01(1.0),Persons using the internet in the past 12 months by level of disability (activity limitation),A,Annual,I_ILT12,Last internet use: in the last 12 months,PC_IND,Percentage of individuals,2024,,NL,Netherlands,Y16_24_DIS_NONE,Individuals aged 16 to 24 with disability (activity limitation) - not limited at all,100.00,,,,,
dataflow,ESTAT:DSB_ICTIU01(1.0),Persons using the internet in the past 12 months by level of disability (activity limitation),A,Annual,I_ILT12,Last internet use: in the last 12 months,PC_IND,Percentage of individuals,2024,,NL,Netherlands,Y16_24_DIS_SEV,Individuals aged 16 to 24 with disability (activity limitation) - severely limited,,,u,low reliability,,
dataflow,ESTAT:DSB_ICTIU01(1.0),Persons using the internet in the past 12 months by level of disability (activity limitation),A,Annual,I_ILT12,Last internet use: in the last 12 months,PC_IND,Percentage of individuals,2024,,NL,Netherlands,Y25_54_DIS_LTD,"Individuals aged 25 to 54 with disability (activity limitation) - limited, but not severely",99.62,,,,,
dataflow,ESTAT:DSB_ICTIU01(1.0),Persons using the internet in the past 12 months by level of disability (activity limitation),A,Annual,I_ILT12,Last internet use: in the last 12 months,PC_IND,Percentage of individuals,2024,,NL,Netherlands,Y25_54_DIS_LTD_SEV,Individuals aged 25 to 54 with disability (activity limitation) - limited or severely limited,99.70,,,,,
dataflow,ESTAT:DSB_ICTIU01(1.0),Persons using the internet in the past 12 months by level of disability (activity limitation),A,Annual,I_ILT12,Last internet use: in the last 12 months,PC_IND,Percentage of individuals,2024,,NL,Netherlands,Y25_54_DIS_NONE,Individuals aged 25 to 54 with disability (activity limitation) - not limited at all,100.00,,,,,
dataflow,ESTAT:DSB_ICTIU01(1.0),Persons using the internet in the past 12 months by level of disability (activity limitation),A,Annual,I_ILT12,Last internet use: in the last 12 months,PC_IND,Percentage of individuals,2024,,NL,Netherlands,Y25_54_DIS_SEV,Individuals aged 25 to 54 with disability (activity limitation) - severely limited,100.00,,,,,
dataflow,ESTAT:DSB_ICTIU01(1.0),Persons using the internet in the past 12 months by level of disability (activity limitation),A,Annual,I_ILT12,Last internet use: in the last 12 months,PC_IND,Percentage of individuals,2024,,NL,Netherlands,Y55_74_DIS_LTD,"Individuals aged 55 to 74 with disability (activity limitation) - limited, but not severely",99.33,,,,,
dataflow,ESTAT:DSB_ICTIU01(1.0),Persons using the internet in the past 12 months by level of disability (activity limitation),A,Annual,I_ILT12,Last internet use: in the last 12 months,PC_IND,Percentage of individuals,2024,,NL,Netherlands,Y55_74_DIS_LTD_SEV,Individuals aged 55 to 74 with disability (activity limitation) - limited or severely limited,98.93,,,,,
dataflow,ESTAT:DSB_ICTIU01(1.0),Persons using the internet in the past 12 months by level of disability (activity limitation),A,Annual,I_ILT12,Last internet use: in the last 12 months,PC_IND,Percentage of individuals,2024,,NL,Netherlands,Y55_74_DIS_NONE,Individuals aged 55 to 74 with disability (activity limitation) - not limited at all,98.98,,,,,
dataflow,ESTAT:DSB_ICTIU01(1.0),Persons using the internet in the past 12 months by level of disability (activity limitation),A,Annual,I_ILT12,Last internet use: in the last 12 months,PC_IND,Percentage of individuals,2024,,NL,Netherlands,Y55_74_DIS_SEV,Individuals aged 55 to 74 with disability (activity limitation) - severely limited,97.39,,,,,
dataflow,ESTAT:DSB_ICTIU01(1.0),Persons using the internet in the past 12 months by level of disability (activity limitation),A,Annual,I_ILT12,Last internet use: in the last 12 months,PC_IND,Percentage of individuals,2024,,PT,Portugal,DIS_LTD,"Disability (activity limitation) - limited, but not severely",76.00,,,,,
dataflow,ESTAT:DSB_ICTIU01(1.0),Persons using the internet in the past 12 months by level of disability (activity limitation),A,Annual,I_ILT12,Last internet use: in the last 12 months,PC_IND,Percentage of individuals,2024,,PT,Portugal,DIS_LTD_SEV,Disability (activity limitation) - limited or severely limited,79.28,,,,,
dataflow,ESTAT:DSB_ICTIU01(1.0),Persons using the internet in the past 12 months by level of disability (activity limitation),A,Annual,I_ILT12,Last internet use: in the last 12 months,PC_IND,Percentage of individuals,2024,,PT,Portugal,DIS_NONE,Disability (activity limitation) - not limited at all,91.73,,,,,
dataflow,ESTAT:DSB_ICTIU01(1.0),Persons using the internet in the past 12 months by level of disability (activity limitation),A,Annual,I_ILT12,Last internet use: in the last 12 months,PC_IND,Percentage of individuals,2024,,PT,Portugal,DIS_SEV,Disability (activity limitation) - severely limited,84.47,,,,,
dataflow,ESTAT:DSB_ICTIU01(1.0),Persons using the internet in the past 12 months by level of disability (activity limitation),A,Annual,I_ILT12,Last internet use: in the last 12 months,PC_IND,Percentage of individuals,2024,,PT,Portugal,F_DIS_LTD,"Females with disability (activity limitation) - limited, but not severely",77.49,,,,,
dataflow,ESTAT:DSB_ICTIU01(1.0),Persons using the internet in the past 12 months by level of disability (activity limitation),A,Annual,I_ILT12,Last internet use: in the last 12 months,PC_IND,Percentage of individuals,2024,,PT,Portugal,F_DIS_LTD_SEV,Females with disability (activity limitation) - limited or severely limited,79.57,,,,,
dataflow,ESTAT:DSB_ICTIU01(1.0),Persons using the internet in the past 12 months by level of disability (activity limitation),A,Annual,I_ILT12,Last internet use: in the last 12 months,PC_IND,Percentage of individuals,2024,,PT,Portugal,F_DIS_NONE,Females with disability (activity limitation) - not limited at all,91.96,,,,,
dataflow,ESTAT:DSB_ICTIU01(1.0),Persons using the internet in the past 12 months by level of disability (activity limitation),A,Annual,I_ILT12,Last internet use: in the last 12 months,PC_IND,Percentage of individuals,2024,,PT,Portugal,F_DIS_SEV,Females with disability (activity limitation) - severely limited,83.57,,,,,
dataflow,ESTAT:DSB_ICTIU01(1.0),Persons using the internet in the past 12 months by level of disability (activity limitation),A,Annual,I_ILT12,Last internet use: in the last 12 months,PC_IND,Percentage of individuals,2024,,PT,Portugal,M_DIS_LTD,"Males with disability (activity limitation) - limited, but not severely",73.73,,,,,
dataflow,ESTAT:DSB_ICTIU01(1.0),Persons using the internet in the past 12 months by level of disability (activity limitation),A,Annual,I_ILT12,Last internet use: in the last 12 months,PC_IND,Percentage of individuals,2024,,PT,Portugal,M_DIS_LTD_SEV,Males with disability (activity limitation) - limited or severely limited,78.91,,,,,
dataflow,ESTAT:DSB_ICTIU01(1.0),Persons using the internet in the past 12 months by level of disability (activity limitation),A,Annual,I_ILT12,Last internet use: in the last 12 months,PC_IND,Percentage of individuals,2024,,PT,Portugal,M_DIS_NONE,Males with disability (activity limitation) - not limited at all,91.49,,,,,
dataflow,ESTAT:DSB_ICTIU01(1.0),Persons using the internet in the past 12 months by level of disability (activity limitation),A,Annual,I_ILT12,Last internet use: in the last 12 months,PC_IND,Percentage of individuals,2024,,PT,Portugal,M_DIS_SEV,Males with disability (activity limitation) - severely limited,85.37,,,,,
dataflow,ESTAT:DSB_ICTIU01(1.0),Persons using the internet in the past 12 months by level of disability (activity limitation),A,Annual,I_ILT12,Last internet use: in the last 12 months,PC_IND,Percentage of individuals,2024,,PT,Portugal,Y16_24_DIS_LTD,"Individuals aged 16 to 24 with disability (activity limitation) - limited, but not severely",100.00,,u,low reliability,,
dataflow,ESTAT:DSB_ICTIU01(1.0),Persons using the internet in the past 12 months by level of disability (activity limitation),A,Annual,I_ILT12,Last internet use: in the last 12 months,PC_IND,Percentage of individuals,2024,,PT,Portugal,Y16_24_DIS_LTD_SEV,Individuals aged 16 to 24 with disability (activity limitation) - limited or severely limited,100.00,,,,,
dataflow,ESTAT:DSB_ICTIU01(1.0),Persons using the internet in the past 12 months by level of disability (activity limitation),A,Annual,I_ILT12,Last internet use: in the last 12 months,PC_IND,Percentage of individuals,2024,,PT,Portugal,Y16_24_DIS_NONE,Individuals aged 16 to 24 with disability (activity limitation) - not limited at all,99.97,,,,,
dataflow,ESTAT:DSB_ICTIU01(1.0),Persons using the internet in the past 12 months by level of disability (activity limitation),A,Annual,I_ILT12,Last internet use: in the last 12 months,PC_IND,Percentage of individuals,2024,,PT,Portugal,Y16_24_DIS_SEV,Individuals aged 16 to 24 with disability (activity limitation) - severely limited,100.00,,u,low reliability,,
dataflow,ESTAT:DSB_ICTIU01(1.0),Persons using the internet in the past 12 months by level of disability (activity limitation),A,Annual,I_ILT12,Last internet use: in the last 12 months,PC_IND,Percentage of individuals,2024,,PT,Portugal,Y25_54_DIS_LTD,"Individuals aged 25 to 54 with disability (activity limitation) - limited, but not severely",95.20,,,,,
dataflow,ESTAT:DSB_ICTIU01(1.0),Persons using the internet in the past 12 months by level of disability (activity limitation),A,Annual,I_ILT12,Last internet use: in the last 12 months,PC_IND,Percentage of individuals,2024,,PT,Portugal,Y25_54_DIS_LTD_SEV,Individuals aged 25 to 54 with disability (activity limitation) - limited or severely limited,95.26,,,,,
dataflow,ESTAT:DSB_ICTIU01(1.0),Persons using the internet in the past 12 months by level of disability (activity limitation),A,Annual,I_ILT12,Last internet use: in the last 12 months,PC_IND,Percentage of individuals,2024,,PT,Portugal,Y25_54_DIS_NONE,Individuals aged 25 to 54 with disability (activity limitation) - not limited at all,97.57,,,,,
dataflow,ESTAT:DSB_ICTIU01(1.0),Persons using the internet in the past 12 months by level of disability (activity limitation),A,Annual,I_ILT12,Last internet use: in the last 12 months,PC_IND,Percentage of individuals,2024,,PT,Portugal,Y25_54_DIS_SEV,Individuals aged 25 to 54 with disability (activity limitation) - severely limited,95.32,,,,,
dataflow,ESTAT:DSB_ICTIU01(1.0),Persons using the internet in the past 12 months by level of disability (activity limitation),A,Annual,I_ILT12,Last internet use: in the last 12 months,PC_IND,Percentage of individuals,2024,,PT,Portugal,Y55_74_DIS_LTD,"Individuals aged 55 to 74 with disability (activity limitation) - limited, but not severely",64.02,,,,,
dataflow,ESTAT:DSB_ICTIU01(1.0),Persons using the internet in the past 12 months by level of disability (activity limitation),A,Annual,I_ILT12,Last internet use: in the last 12 months,PC_IND,Percentage of individuals,2024,,PT,Portugal,Y55_74_DIS_LTD_SEV,Individuals aged 55 to 74 with disability (activity limitation) - limited or severely limited,64.73,,,,,
dataflow,ESTAT:DSB_ICTIU01(1.0),Persons using the internet in the past 12 months by level of disability (activity limitation),A,Annual,I_ILT12,Last internet use: in the last 12 months,PC_IND,Percentage of individuals,2024,,PT,Portugal,Y55_74_DIS_NONE,Individuals aged 55 to 74 with disability (activity limitation) - not limited at all,77.33,,,,,
dataflow,ESTAT:DSB_ICTIU01(1.0),Persons using the internet in the past 12 months by level of disability (activity limitation),A,Annual,I_ILT12,Last internet use: in the last 12 months,PC_IND,Percentage of individuals,2024,,PT,Portugal,Y55_74_DIS_SEV,Individuals aged 55 to 74 with disability (activity limitation) - severely limited,66.51,,,,,
dataflow,ESTAT:DSB_ICTIU01(1.0),Persons using the internet in the past 12 months by level of disability (activity limitation),A,Annual,I_ILT12,Last internet use: in the last 12 months,PC_IND,Percentage of individuals,2024,,SE,Sweden,DIS_LTD,"Disability (activity limitation) - limited, but not severely",98.33,,,,,
dataflow,ESTAT:DSB_ICTIU01(1.0),Persons using the internet in the past 12 months by level of disability (activity limitation),A,Annual,I_ILT12,Last internet use: in the last 12 months,PC_IND,Percentage of individuals,2024,,SE,Sweden,DIS_LTD_SEV,Disability (activity limitation) - limited or severely limited,97.43,,,,,
dataflow,ESTAT:DSB_ICTIU01(1.0),Persons using the internet in the past 12 months by level of disability (activity limitation),A,Annual,I_ILT12,Last internet use: in the last 12 months,PC_IND,Percentage of individuals,2024,,SE,Sweden,DIS_NONE,Disability (activity limitation) - not limited at all,99.15,,,,,
dataflow,ESTAT:DSB_ICTIU01(1.0),Persons using the internet in the past 12 months by level of disability (activity limitation),A,Annual,I_ILT12,Last internet use: in the last 12 months,PC_IND,Percentage of individuals,2024,,SE,Sweden,DIS_SEV,Disability (activity limitation) - severely limited,94.43,,,,,
dataflow,ESTAT:DSB_ICTIU01(1.0),Persons using the internet in the past 12 months by level of disability (activity limitation),A,Annual,I_ILT12,Last internet use: in the last 12 months,PC_IND,Percentage of individuals,2024,,SE,Sweden,F_DIS_LTD,"Females with disability (activity limitation) - limited, but not severely",98.70,,,,,
dataflow,ESTAT:DSB_ICTIU01(1.0),Persons using the internet in the past 12 months by level of disability (activity limitation),A,Annual,I_ILT12,Last internet use: in the last 12 months,PC_IND,Percentage of individuals,2024,,SE,Sweden,F_DIS_LTD_SEV,Females with disability (activity limitation) - limited or severely limited,97.87,,,,,
dataflow,ESTAT:DSB_ICTIU01(1.0),Persons using the internet in the past 12 months by level of disability (activity limitation),A,Annual,I_ILT12,Last internet use: in the last 12 months,PC_IND,Percentage of individuals,2024,,SE,Sweden,F_DIS_NONE,Females with disability (activity limitation) - not limited at all,99.38,,,,,
dataflow,ESTAT:DSB_ICTIU01(1.0),Persons using the internet in the past 12 months by level of disability (activity limitation),A,Annual,I_ILT12,Last internet use: in the last 12 months,PC_IND,Percentage of individuals,2024,,SE,Sweden,F_DIS_SEV,Females with disability (activity limitation) - severely limited,95.01,,,,,
dataflow,ESTAT:DSB_ICTIU01(1.0),Persons using the internet in the past 12 months by level of disability (activity limitation),A,Annual,I_ILT12,Last internet use: in the last 12 months,PC_IND,Percentage of individuals,2024,,SE,Sweden,M_DIS_LTD,"Males with disability (activity limitation) - limited, but not severely",97.85,,,,,
dataflow,ESTAT:DSB_ICTIU01(1.0),Persons using the internet in the past 12 months by level of disability (activity limitation),A,Annual,I_ILT12,Last internet use: in the last 12 months,PC_IND,Percentage of individuals,2024,,SE,Sweden,M_DIS_LTD_SEV,Males with disability (activity limitation) - limited or severely limited,96.88,,,,,
dataflow,ESTAT:DSB_ICTIU01(1.0),Persons using the internet in the past 12 months by level of disability (activity limitation),A,Annual,I_ILT12,Last internet use: in the last 12 months,PC_IND,Percentage of individuals,2024,,SE,Sweden,M_DIS_NONE,Males with disability (activity limitation) - not limited at all,98.94,,,,,
dataflow,ESTAT:DSB_ICTIU01(1.0),Persons using the internet in the past 12 months by level of disability (activity limitation),A,Annual,I_ILT12,Last internet use: in the last 12 months,PC_IND,Percentage of individuals,2024,,SE,Sweden,M_DIS_SEV,Males with disability (activity limitation) - severely limited,93.72,,u,low reliability,,
dataflow,ESTAT:DSB_ICTIU01(1.0),Persons using the internet in the past 12 months by level of disability (activity limitation),A,Annual,I_ILT12,Last internet use: in the last 12 months,PC_IND,Percentage of individuals,2024,,SE,Sweden,Y16_24_DIS_LTD,"Individuals aged 16 to 24 with disability (activity limitation) - limited, but not severely",100.00,,,,,
dataflow,ESTAT:DSB_ICTIU01(1.0),Persons using the internet in the past 12 months by level of disability (activity limitation),A,Annual,I_ILT12,Last internet use: in the last 12 months,PC_IND,Percentage of individuals,2024,,SE,Sweden,Y16_24_DIS_LTD_SEV,Individuals aged 16 to 24 with disability (activity limitation) - limited or severely limited,100.00,,,,,
dataflow,ESTAT:DSB_ICTIU01(1.0),Persons using the internet in the past 12 months by level of disability (activity limitation),A,Annual,I_ILT12,Last internet use: in the last 12 months,PC_IND,Percentage of individuals,2024,,SE,Sweden,Y16_24_DIS_NONE,Individuals aged 16 to 24 with disability (activity limitation) - not limited at all,99.89,,,,,
dataflow,ESTAT:DSB_ICTIU01(1.0),Persons using the internet in the past 12 months by level of disability (activity limitation),A,Annual,I_ILT12,Last internet use: in the last 12 months,PC_IND,Percentage of individuals,2024,,SE,Sweden,Y16_24_DIS_SEV,Individuals aged 16 to 24 with disability (activity limitation) - severely limited,,,u,low reliability,,
dataflow,ESTAT:DSB_ICTIU01(1.0),Persons using the internet in the past 12 months by level of disability (activity limitation),A,Annual,I_ILT12,Last internet use: in the last 12 months,PC_IND,Percentage of individuals,2024,,SE,Sweden,Y25_54_DIS_LTD,"Individuals aged 25 to 54 with disability (activity limitation) - limited, but not severely",100.00,,,,,
dataflow,ESTAT:DSB_ICTIU01(1.0),Persons using the internet in the past 12 months by level of disability (activity limitation),A,Annual,I_ILT12,Last internet use: in the last 12 months,PC_IND,Percentage of individuals,2024,,SE,Sweden,Y25_54_DIS_LTD_SEV,Individuals aged 25 to 54 with disability (activity limitation) - limited or severely limited,98.47,,,,,
dataflow,ESTAT:DSB_ICTIU01(1.0),Persons using the internet in the past 12 months by level of disability (activity limitation),A,Annual,I_ILT12,Last internet use: in the last 12 months,PC_IND,Percentage of individuals,2024,,SE,Sweden,Y25_54_DIS_NONE,Individuals aged 25 to 54 with disability (activity limitation) - not limited at all,99.60,,,,,
dataflow,ESTAT:DSB_ICTIU01(1.0),Persons using the internet in the past 12 months by level of disability (activity limitation),A,Annual,I_ILT12,Last internet use: in the last 12 months,PC_IND,Percentage of individuals,2024,,SE,Sweden,Y25_54_DIS_SEV,Individuals aged 25 to 54 with disability (activity limitation) - severely limited,94.47,,u,low reliability,,
dataflow,ESTAT:DSB_ICTIU01(1.0),Persons using the internet in the past 12 months by level of disability (activity limitation),A,Annual,I_ILT12,Last internet use: in the last 12 months,PC_IND,Percentage of individuals,2024,,SE,Sweden,Y55_74_DIS_LTD,"Individuals aged 55 to 74 with disability (activity limitation) - limited, but not severely",95.59,,,,,
dataflow,ESTAT:DSB_ICTIU01(1.0),Persons using the internet in the past 12 months by level of disability (activity limitation),A,Annual,I_ILT12,Last internet use: in the last 12 months,PC_IND,Percentage of individuals,2024,,SE,Sweden,Y55_74_DIS_LTD_SEV,Individuals aged 55 to 74 with disability (activity limitation) - limited or severely limited,95.03,,,,,
dataflow,ESTAT:DSB_ICTIU01(1.0),Persons using the internet in the past 12 months by level of disability (activity limitation),A,Annual,I_ILT12,Last internet use: in the last 12 months,PC_IND,Percentage of individuals,2024,,SE,Sweden,Y55_74_DIS_NONE,Individuals aged 55 to 74 with disability (activity limitation) - not limited at all,97.99,,,,,
dataflow,ESTAT:DSB_ICTIU01(1.0),Persons using the internet in the past 12 months by level of disability (activity limitation),A,Annual,I_ILT12,Last internet use: in the last 12 months,PC_IND,Percentage of individuals,2024,,SE,Sweden,Y55_74_DIS_SEV,Individuals aged 55 to 74 with disability (activity limitation) - severely limited,92.71,,u,low reliability,,
